separation,grade,weight,multiplier,death_after_recurrence
0.0,controlled,0.5604208994147436,1.0,2.0
0.0,indeterminate,0.2007459744670528,1.0,2.0
0.0,progressing,0.2388331261182036,1.0,2.0
0.1,controlled,0.5604208994147436,0.9468683553937123,1.8937367107874246
0.1,indeterminate,0.2007459744670528,1.0148283758263643,2.0296567516527286
0.1,progressing,0.2388331261182036,1.112209506856053,2.224419013712106
0.25,controlled,0.5604208994147436,0.8648362442152481,1.7296724884304961
0.25,indeterminate,0.2007459744670528,1.0284694149330038,2.0569388298660076
0.25,progressing,0.2388331261182036,1.2932318237432092,2.5864636474864184
0.5,controlled,0.5604208994147436,0.725496877450218,1.450993754900436
0.5,indeterminate,0.2007459744670528,1.0260075235494295,2.052015047098859
0.5,progressing,0.2388331261182036,1.6222603354425216,3.244520670885043
0.75,controlled,0.5604208994147436,0.5894069213493313,1.1788138426986625
0.75,indeterminate,0.2007459744670528,0.9912603345767615,1.982520669153523
0.75,progressing,0.2388331261182036,1.970800821691829,3.941601643383658
1.0,controlled,0.5604208994147436,0.46380500977482736,0.9276100195496547
1.0,indeterminate,0.2007459744670528,0.9276100195496547,1.8552200390993094
1.0,progressing,0.2388331261182036,2.3190250488741366,4.638050097748273
