hazard_ratio,grade,treat_share,cells
0.8,controlled,1.0,160
0.8,indeterminate,1.0,160
0.8,progressing,1.0,160
0.81,controlled,1.0,160
0.81,indeterminate,1.0,160
0.81,progressing,1.0,160
0.82,controlled,1.0,160
0.82,indeterminate,1.0,160
0.82,progressing,1.0,160
0.83,controlled,1.0,160
0.83,indeterminate,1.0,160
0.83,progressing,1.0,160
0.84,controlled,1.0,160
0.84,indeterminate,1.0,160
0.84,progressing,1.0,160
0.85,controlled,1.0,160
0.85,indeterminate,1.0,160
0.85,progressing,1.0,160
0.86,controlled,1.0,160
0.86,indeterminate,1.0,160
0.86,progressing,1.0,160
0.87,controlled,1.0,160
0.87,indeterminate,1.0,160
0.87,progressing,1.0,160
0.88,controlled,1.0,160
0.88,indeterminate,1.0,160
0.88,progressing,1.0,160
0.89,controlled,1.0,160
0.89,indeterminate,1.0,160
0.89,progressing,1.0,160
0.9,controlled,1.0,160
0.9,indeterminate,1.0,160
0.9,progressing,1.0,160
0.91,controlled,0.98125,160
0.91,indeterminate,1.0,160
0.91,progressing,1.0,160
0.92,controlled,0.9625,160
0.92,indeterminate,1.0,160
0.92,progressing,1.0,160
0.93,controlled,0.9125,160
0.93,indeterminate,1.0,160
0.93,progressing,1.0,160
0.94,controlled,0.79375,160
0.94,indeterminate,1.0,160
0.94,progressing,1.0,160
0.95,controlled,0.49375,160
0.95,indeterminate,0.975,160
0.95,progressing,1.0,160
0.96,controlled,0.1375,160
0.96,indeterminate,0.75625,160
0.96,progressing,0.73125,160
0.97,controlled,0.0,160
0.97,indeterminate,0.075,160
0.97,progressing,0.025,160
0.98,controlled,0.0,160
0.98,indeterminate,0.0,160
0.98,progressing,0.0,160
0.99,controlled,0.0,160
0.99,indeterminate,0.0,160
0.99,progressing,0.0,160
1.0,controlled,0.0,160
1.0,indeterminate,0.0,160
1.0,progressing,0.0,160
