hazard_ratio,informed,blind,value_of_knowing,best_single_choice
0.8,0.06854763511331527,0.06854763511331527,0.0,treat
0.81,0.06391873127910541,0.06391873127910541,0.0,treat
0.82,0.05932802633523827,0.05932802633523827,0.0,treat
0.83,0.05477498723741997,0.05477498723741997,0.0,treat
0.84,0.050259091384575065,0.050259091384575065,0.0,treat
0.85,0.04577982637047948,0.04577982637047948,0.0,treat
0.86,0.04133668974202322,0.04133668974202322,0.0,treat
0.87,0.03692918876391136,0.03692918876391136,0.0,treat
0.88,0.0325568401896185,0.0325568401896185,0.0,treat
0.89,0.028219170038416994,0.028219170038416994,0.0,treat
0.9,0.023915713378304445,0.023915713378304445,0.0,treat
0.91,0.019646014114662325,0.019646014114662325,0.0,treat
0.92,0.015409624784481765,0.015409624784481765,0.0,treat
0.93,0.011206106355996823,0.011206106355996823,0.0,treat
0.94,0.007035028033573504,0.007035028033573504,0.0,treat
0.95,0.0028959670677023803,0.0028959670677023803,0.0,treat
0.96,0.0007029069089469918,0.0,0.0007029069089469918,decline
0.97,0.0,0.0,0.0,decline
0.98,0.0,0.0,0.0,decline
0.99,0.0,0.0,0.0,decline
1.0,0.0,0.0,0.0,decline
