opportunities,patients,share
1,607,0.14841075794621028
2,530,0.1295843520782396
3,418,0.10220048899755502
4,350,0.08557457212713937
5,272,0.06650366748166259
6,246,0.060146699266503664
7,209,0.05110024449877751
8,173,0.042298288508557456
9,163,0.039853300733496334
10,155,0.037897310513447434
11,135,0.03300733496332518
12,119,0.029095354523227385
13,126,0.03080684596577017
14,111,0.027139364303178485
15,82,0.020048899755501223
16,84,0.020537897310513448
17,61,0.01491442542787286
18,62,0.015158924205378973
19,45,0.011002444987775062
20,43,0.010513447432762836
21,22,0.0053789731051344745
22,24,0.0058679706601467
23,14,0.0034229828850855745
24,15,0.003667481662591687
25,7,0.0017114914425427872
26,2,0.0004889975550122249
27,9,0.002200488997555012
28,3,0.0007334963325183374
29,1,0.00024449877750611245
30,1,0.00024449877750611245
32,1,0.00024449877750611245
