rows_recorded,patients,share
1,1522,0.3852189319159706
2,308,0.07795494811440142
3,539,0.13642115920020248
4,205,0.051885598582637305
5,286,0.07238673753480132
6,165,0.04176157934700076
7,176,0.04454568463680081
8,103,0.02606934953176411
9,109,0.027587952417109592
10,75,0.018982536066818528
11,73,0.018476335105036698
12,55,0.013920526449000253
13,57,0.01442672741078208
14,41,0.010377119716527461
15,34,0.008605416350291066
16,22,0.005568210579600101
17,25,0.006327512022272842
18,26,0.006580612503163756
19,15,0.0037965072133637054
20,13,0.003290306251581878
21,14,0.003543406732472792
22,11,0.0027841052898000505
23,11,0.0027841052898000505
24,7,0.001771703366236396
25,9,0.002277904328018223
26,5,0.0012655024044545685
27,5,0.0012655024044545685
28,7,0.001771703366236396
29,6,0.0015186028853454822
30,2,0.0005062009617818274
31,2,0.0005062009617818274
32,2,0.0005062009617818274
33,5,0.0012655024044545685
34,4,0.0010124019235636548
35,2,0.0005062009617818274
36,1,0.0002531004808909137
39,2,0.0005062009617818274
41,2,0.0005062009617818274
43,1,0.0002531004808909137
45,1,0.0002531004808909137
46,1,0.0002531004808909137
55,1,0.0002531004808909137
72,1,0.0002531004808909137
