arm,strength,policy,field,action,percent
s000,0.0,MCTS,timing,surgery_first,79.167
s000,0.0,MCTS,timing,neoadjuvant,20.833
s000,0.0,MCTS,surgery,MAST,52.635
s000,0.0,MCTS,surgery,BCS,47.365
s000,0.0,MCTS,chemo,none,68.87
s000,0.0,MCTS,chemo,standard,18.875
s000,0.0,MCTS,chemo,intensified,12.255
s000,0.0,MCTS,endocrine,none,70.391
s000,0.0,MCTS,endocrine,standard,16.542
s000,0.0,MCTS,endocrine,extended,13.068
s000,0.0,MCTS,radiation,none,72.146
s000,0.0,MCTS,radiation,regional,15.016
s000,0.0,MCTS,radiation,local,12.839
s000,0.0,NCCN,timing,surgery_first,100.0
s000,0.0,NCCN,surgery,BCS,62.5
s000,0.0,NCCN,surgery,MAST,37.5
s000,0.0,NCCN,chemo,standard,92.5
s000,0.0,NCCN,chemo,none,7.5
s000,0.0,NCCN,endocrine,standard,50.0
s000,0.0,NCCN,endocrine,none,50.0
s000,0.0,NCCN,radiation,local,62.5
s000,0.0,NCCN,radiation,none,24.286
s000,0.0,NCCN,radiation,regional,13.214
s250,0.25,MCTS,timing,surgery_first,74.583
s250,0.25,MCTS,timing,neoadjuvant,25.417
s250,0.25,MCTS,surgery,MAST,52.099
s250,0.25,MCTS,surgery,BCS,47.901
s250,0.25,MCTS,chemo,none,54.943
s250,0.25,MCTS,chemo,standard,27.615
s250,0.25,MCTS,chemo,intensified,17.443
s250,0.25,MCTS,endocrine,none,61.49
s250,0.25,MCTS,endocrine,standard,25.026
s250,0.25,MCTS,endocrine,extended,13.484
s250,0.25,MCTS,radiation,none,59.906
s250,0.25,MCTS,radiation,regional,20.443
s250,0.25,MCTS,radiation,local,19.651
s250,0.25,NCCN,timing,surgery_first,100.0
s250,0.25,NCCN,surgery,BCS,62.5
s250,0.25,NCCN,surgery,MAST,37.5
s250,0.25,NCCN,chemo,standard,92.5
s250,0.25,NCCN,chemo,none,7.5
s250,0.25,NCCN,endocrine,standard,50.0
s250,0.25,NCCN,endocrine,none,50.0
s250,0.25,NCCN,radiation,local,62.5
s250,0.25,NCCN,radiation,none,24.286
s250,0.25,NCCN,radiation,regional,13.214
s400,0.4,MCTS,timing,surgery_first,75.833
s400,0.4,MCTS,timing,neoadjuvant,24.167
s400,0.4,MCTS,surgery,MAST,50.13
s400,0.4,MCTS,surgery,BCS,49.87
s400,0.4,MCTS,chemo,none,54.385
s400,0.4,MCTS,chemo,standard,27.094
s400,0.4,MCTS,chemo,intensified,18.521
s400,0.4,MCTS,endocrine,none,59.13
s400,0.4,MCTS,endocrine,standard,26.318
s400,0.4,MCTS,endocrine,extended,14.552
s400,0.4,MCTS,radiation,none,48.255
s400,0.4,MCTS,radiation,regional,27.38
s400,0.4,MCTS,radiation,local,24.365
s400,0.4,NCCN,timing,surgery_first,100.0
s400,0.4,NCCN,surgery,BCS,62.5
s400,0.4,NCCN,surgery,MAST,37.5
s400,0.4,NCCN,chemo,standard,92.5
s400,0.4,NCCN,chemo,none,7.5
s400,0.4,NCCN,endocrine,standard,50.0
s400,0.4,NCCN,endocrine,none,50.0
s400,0.4,NCCN,radiation,local,62.5
s400,0.4,NCCN,radiation,none,24.286
s400,0.4,NCCN,radiation,regional,13.214
s500,0.5,MCTS,timing,surgery_first,69.167
s500,0.5,MCTS,timing,neoadjuvant,30.833
s500,0.5,MCTS,surgery,BCS,52.474
s500,0.5,MCTS,surgery,MAST,47.526
s500,0.5,MCTS,chemo,none,45.443
s500,0.5,MCTS,chemo,standard,36.052
s500,0.5,MCTS,chemo,intensified,18.505
s500,0.5,MCTS,endocrine,none,57.594
s500,0.5,MCTS,endocrine,standard,26.094
s500,0.5,MCTS,endocrine,extended,16.312
s500,0.5,MCTS,radiation,none,46.99
s500,0.5,MCTS,radiation,regional,29.0
s500,0.5,MCTS,radiation,local,24.01
s500,0.5,NCCN,timing,surgery_first,100.0
s500,0.5,NCCN,surgery,BCS,62.5
s500,0.5,NCCN,surgery,MAST,37.5
s500,0.5,NCCN,chemo,standard,92.5
s500,0.5,NCCN,chemo,none,7.5
s500,0.5,NCCN,endocrine,standard,50.0
s500,0.5,NCCN,endocrine,none,50.0
s500,0.5,NCCN,radiation,local,62.5
s500,0.5,NCCN,radiation,none,24.286
s500,0.5,NCCN,radiation,regional,13.214
s600,0.6,MCTS,timing,surgery_first,66.25
s600,0.6,MCTS,timing,neoadjuvant,33.75
s600,0.6,MCTS,surgery,BCS,54.807
s600,0.6,MCTS,surgery,MAST,45.193
s600,0.6,MCTS,chemo,standard,39.599
s600,0.6,MCTS,chemo,none,39.141
s600,0.6,MCTS,chemo,intensified,21.26
s600,0.6,MCTS,endocrine,none,54.948
s600,0.6,MCTS,endocrine,standard,28.021
s600,0.6,MCTS,endocrine,extended,17.031
s600,0.6,MCTS,radiation,none,43.885
s600,0.6,MCTS,radiation,regional,31.234
s600,0.6,MCTS,radiation,local,24.88
s600,0.6,NCCN,timing,surgery_first,100.0
s600,0.6,NCCN,surgery,BCS,62.5
s600,0.6,NCCN,surgery,MAST,37.5
s600,0.6,NCCN,chemo,standard,92.5
s600,0.6,NCCN,chemo,none,7.5
s600,0.6,NCCN,endocrine,standard,50.0
s600,0.6,NCCN,endocrine,none,50.0
s600,0.6,NCCN,radiation,local,62.5
s600,0.6,NCCN,radiation,none,24.286
s600,0.6,NCCN,radiation,regional,13.214
s750,0.75,MCTS,timing,surgery_first,67.292
s750,0.75,MCTS,timing,neoadjuvant,32.708
s750,0.75,MCTS,surgery,BCS,53.943
s750,0.75,MCTS,surgery,MAST,46.057
s750,0.75,MCTS,chemo,standard,43.0
s750,0.75,MCTS,chemo,none,36.146
s750,0.75,MCTS,chemo,intensified,20.854
s750,0.75,MCTS,endocrine,none,53.448
s750,0.75,MCTS,endocrine,standard,28.531
s750,0.75,MCTS,endocrine,extended,18.021
s750,0.75,MCTS,radiation,none,40.495
s750,0.75,MCTS,radiation,regional,31.656
s750,0.75,MCTS,radiation,local,27.849
s750,0.75,NCCN,timing,surgery_first,100.0
s750,0.75,NCCN,surgery,BCS,62.5
s750,0.75,NCCN,surgery,MAST,37.5
s750,0.75,NCCN,chemo,standard,92.5
s750,0.75,NCCN,chemo,none,7.5
s750,0.75,NCCN,endocrine,standard,50.0
s750,0.75,NCCN,endocrine,none,50.0
s750,0.75,NCCN,radiation,local,62.5
s750,0.75,NCCN,radiation,none,24.286
s750,0.75,NCCN,radiation,regional,13.214
s1000,1.0,MCTS,timing,surgery_first,63.75
s1000,1.0,MCTS,timing,neoadjuvant,36.25
s1000,1.0,MCTS,surgery,BCS,58.099
s1000,1.0,MCTS,surgery,MAST,41.901
s1000,1.0,MCTS,chemo,standard,47.214
s1000,1.0,MCTS,chemo,none,28.198
s1000,1.0,MCTS,chemo,intensified,24.589
s1000,1.0,MCTS,endocrine,none,51.172
s1000,1.0,MCTS,endocrine,standard,31.964
s1000,1.0,MCTS,endocrine,extended,16.865
s1000,1.0,MCTS,radiation,local,34.63
s1000,1.0,MCTS,radiation,regional,33.312
s1000,1.0,MCTS,radiation,none,32.057
s1000,1.0,NCCN,timing,surgery_first,100.0
s1000,1.0,NCCN,surgery,BCS,62.5
s1000,1.0,NCCN,surgery,MAST,37.5
s1000,1.0,NCCN,chemo,standard,92.5
s1000,1.0,NCCN,chemo,none,7.5
s1000,1.0,NCCN,endocrine,standard,50.0
s1000,1.0,NCCN,endocrine,none,50.0
s1000,1.0,NCCN,radiation,local,62.5
s1000,1.0,NCCN,radiation,none,24.286
s1000,1.0,NCCN,radiation,regional,13.214
