strength,channel,level,death_hazard,recurrence_hazard,acute_toxicity_probability,treatment_burden
0.0,chemo,none,1.0,1.0,0.0,0.0
0.0,chemo,standard,1.0,1.0,0.15,0.12
0.0,chemo,intensified,0.95,0.9,0.3,0.2
0.0,endocrine,none,1.0,1.0,0.0,0.0
0.0,endocrine,standard,1.0,1.0,0.05,0.03
0.0,endocrine,extended,0.98,0.92,0.1,0.06
0.0,radiation,none,1.0,1.0,0.0,0.0
0.0,radiation,local,1.0,1.0,0.05,0.05
0.0,radiation,regional,1.0,0.95,0.12,0.09
0.25,chemo,none,1.0,1.0,0.0,0.0
0.25,chemo,standard,0.9457416090031758,0.9306048591020996,0.15,0.12
0.25,chemo,intensified,0.898454528553017,0.8375443731918896,0.3,0.2
0.25,endocrine,none,1.0,1.0,0.0,0.0
0.25,endocrine,standard,0.9306048591020996,0.8801117367933934,0.05,0.03
0.25,endocrine,extended,0.9119927619200575,0.8097027978499219,0.1,0.06
0.25,radiation,none,1.0,1.0,0.0,0.0
0.25,radiation,local,0.9601845894041878,0.8408964152537145,0.05,0.05
0.25,radiation,regional,0.9601845894041878,0.7988515944910287,0.12,0.09
0.4,chemo,none,1.0,1.0,0.0,0.0
0.4,chemo,standard,0.9146101038546527,0.8913012289830017,0.15,0.12
0.4,chemo,intensified,0.86887959866192,0.8021711060847015,0.3,0.2
0.4,endocrine,none,1.0,1.0,0.0,0.0
0.4,endocrine,standard,0.8913012289830017,0.8151931096059227,0.05,0.03
0.4,endocrine,extended,0.8734752044033416,0.749977660837449,0.1,0.06
0.4,radiation,none,1.0,1.0,0.0,0.0
0.4,radiation,local,0.9370603681176802,0.757858283255199,0.05,0.05
0.4,radiation,regional,0.9370603681176802,0.719965369092439,0.12,0.09
0.5,chemo,none,1.0,1.0,0.0,0.0
0.5,chemo,standard,0.8944271909999159,0.8660254037844386,0.15,0.12
0.5,chemo,intensified,0.8497058314499201,0.7794228634059948,0.3,0.2
0.5,endocrine,none,1.0,1.0,0.0,0.0
0.5,endocrine,standard,0.8660254037844386,0.7745966692414834,0.05,0.03
0.5,endocrine,extended,0.8487048957087499,0.7126289357021648,0.1,0.06
0.5,radiation,none,1.0,1.0,0.0,0.0
0.5,radiation,local,0.9219544457292888,0.7071067811865476,0.05,0.05
0.5,radiation,regional,0.9219544457292888,0.6717514421272202,0.12,0.09
0.6,chemo,none,1.0,1.0,0.0,0.0
0.6,chemo,standard,0.8746896591546225,0.8414663590846496,0.15,0.12
0.6,chemo,intensified,0.8309551761968913,0.7573197231761847,0.3,0.2
0.6,endocrine,none,1.0,1.0,0.0,0.0
0.6,endocrine,standard,0.8414663590846496,0.7360219228178333,0.05,0.03
0.6,endocrine,extended,0.8246370319029566,0.6771401689924067,0.1,0.06
0.6,radiation,none,1.0,1.0,0.0,0.0
0.6,radiation,local,0.9070920390192547,0.6597539553864471,0.05,0.05
0.6,radiation,regional,0.9070920390192547,0.6267662576171247,0.12,0.09
0.75,chemo,none,1.0,1.0,0.0,0.0
0.75,chemo,standard,0.8458970107524514,0.8059274488676564,0.15,0.12
0.75,chemo,intensified,0.8036021602148288,0.7253347039808908,0.3,0.2
0.75,endocrine,none,1.0,1.0,0.0,0.0
0.75,endocrine,standard,0.8059274488676564,0.6817316198804996,0.05,0.03
0.75,endocrine,extended,0.7898088998903033,0.6271930902900597,0.1,0.06
0.75,radiation,none,1.0,1.0,0.0,0.0
0.75,radiation,local,0.8852464509219427,0.5946035575013605,0.05,0.05
0.75,radiation,regional,0.8852464509219427,0.5648733796262925,0.12,0.09
1.0,chemo,none,1.0,1.0,0.0,0.0
1.0,chemo,standard,0.8,0.75,0.15,0.12
1.0,chemo,intensified,0.76,0.675,0.3,0.2
1.0,endocrine,none,1.0,1.0,0.0,0.0
1.0,endocrine,standard,0.75,0.6,0.05,0.03
1.0,endocrine,extended,0.735,0.552,0.1,0.06
1.0,radiation,none,1.0,1.0,0.0,0.0
1.0,radiation,local,0.85,0.5,0.05,0.05
1.0,radiation,regional,0.85,0.475,0.12,0.09
