arm,strength,seed_index,utility_gap,mcts_utility,nccn_utility
s000,0.0,0,0.011221666666666907,0.829195,0.8179733333333331
s000,0.0,1,0.02230583333333358,0.8255716666666668,0.8032658333333332
s000,0.0,2,0.018314166666666853,0.8268083333333334,0.8084941666666665
s000,0.0,3,0.022985833333333372,0.8268833333333333,0.8038974999999999
s000,0.0,4,0.022038333333333382,0.8260166666666666,0.8039783333333332
s000,0.0,5,0.021894999999999887,0.8233508333333333,0.8014558333333334
s000,0.0,6,0.023667500000000175,0.82603,0.8023624999999999
s000,0.0,7,0.01373833333333363,0.8124716666666668,0.7987333333333332
s000,0.0,8,0.02649833333333329,0.8266724999999999,0.8001741666666666
s000,0.0,9,0.01847333333333334,0.8215116666666666,0.8030383333333333
s000,0.0,10,0.02264166666666667,0.8292624999999999,0.8066208333333332
s000,0.0,11,0.01444583333333338,0.8165908333333334,0.802145
s250,0.25,0,-0.007835000000000258,0.8266383333333331,0.8344733333333334
s250,0.25,1,-0.00023333333333330764,0.8226991666666666,0.8229325
s250,0.25,2,-0.0011225000000001373,0.8274966666666664,0.8286191666666666
s250,0.25,3,0.0075508333333333955,0.8295733333333333,0.8220224999999999
s250,0.25,4,0.006492499999999901,0.8301374999999999,0.823645
s250,0.25,5,0.006158333333333266,0.8260724999999999,0.8199141666666666
s250,0.25,6,0.007487500000000202,0.8291000000000001,0.8216124999999999
s250,0.25,7,0.010102500000000014,0.8287108333333333,0.8186083333333333
s250,0.25,8,0.01385666666666674,0.8291975,0.8153408333333333
s250,0.25,9,0.002623333333333311,0.8225783333333332,0.8199549999999999
s250,0.25,10,0.0073824999999999585,0.8318783333333333,0.8244958333333333
s250,0.25,11,0.0066950000000001175,0.8264233333333333,0.8197283333333332
s400,0.4,0,-0.010684166666666828,0.8305391666666665,0.8412233333333333
s400,0.4,1,0.008473333333333333,0.8396141666666666,0.8311408333333332
s400,0.4,2,-0.0003166666666667428,0.8378024999999999,0.8381191666666666
s400,0.4,3,-0.003677499999999778,0.8281366666666667,0.8318141666666665
s400,0.4,4,0.002705833333333185,0.8349341666666665,0.8322283333333333
s400,0.4,5,0.0023816666666668374,0.8317125000000001,0.8293308333333332
s400,0.4,6,0.004919166666666586,0.8380733333333332,0.8331541666666666
s400,0.4,7,0.0009100000000000774,0.827685,0.8267749999999999
s400,0.4,8,0.005357500000000015,0.832865,0.8275075
s400,0.4,9,0.004120833333333573,0.8331591666666667,0.8290383333333331
s400,0.4,10,0.007983333333333342,0.8411874999999999,0.8332041666666665
s400,0.4,11,-0.002291666666666692,0.8251033333333332,0.8273949999999999
s500,0.5,0,-0.002230833333333293,0.8447841666666666,0.8470149999999999
s500,0.5,1,-0.010578333333333134,0.8291875000000001,0.8397658333333332
s500,0.5,2,0.0010291666666667476,0.8443149999999999,0.8432858333333332
s500,0.5,3,-0.008208333333333373,0.8304808333333333,0.8386891666666667
s500,0.5,4,-0.00302250000000015,0.8359558333333332,0.8389783333333334
s500,0.5,5,0.0010024999999999062,0.8348333333333333,0.8338308333333334
s500,0.5,6,-0.0045916666666665495,0.8357291666666666,0.8403208333333332
s500,0.5,7,0.0013308333333332811,0.8337308333333333,0.8324
s500,0.5,8,-0.0026133333333334674,0.8309774999999998,0.8335908333333333
s500,0.5,9,-0.0027574999999998573,0.8359475,0.8387049999999998
s500,0.5,10,0.004090000000000149,0.8426275000000001,0.8385374999999999
s500,0.5,11,0.0026250000000000995,0.8363949999999999,0.8337699999999998
s600,0.6,0,-0.008339166666666786,0.8430508333333332,0.85139
s600,0.6,1,-0.011320833333333113,0.8352783333333335,0.8465991666666666
s600,0.6,2,-0.007491666666666674,0.8413774999999998,0.8488691666666665
s600,0.6,3,0.0018724999999999437,0.8447283333333333,0.8428558333333334
s600,0.6,4,-0.005718333333333492,0.83751,0.8432283333333335
s600,0.6,5,-0.0075075,0.8330733333333333,0.8405808333333333
s600,0.6,6,-0.0019516666666665738,0.8454525,0.8474041666666666
s600,0.6,7,-0.007268333333333321,0.8304233333333333,0.8376916666666666
s600,0.6,8,-0.002627499999999894,0.8364633333333333,0.8390908333333332
s600,0.6,9,0.0022083333333332567,0.8477466666666666,0.8455383333333334
s600,0.6,10,-0.004756666666666631,0.8398641666666666,0.8446208333333333
s600,0.6,11,-0.003275000000000028,0.8343699999999998,0.8376449999999999
s750,0.75,0,-0.01479499999999978,0.8433866666666667,0.8581816666666665
s750,0.75,1,-0.006664166666666804,0.8496849999999998,0.8563491666666666
s750,0.75,2,-0.003822499999999729,0.8520466666666667,0.8558691666666665
s750,0.75,3,-0.0001391666666666902,0.8492166666666666,0.8493558333333333
s750,0.75,4,0.0007891666666666186,0.8516424999999999,0.8508533333333332
s750,0.75,5,-0.013807499999999973,0.83619,0.8499975
s750,0.75,6,-0.002163333333333184,0.8516575,0.8538208333333331
s750,0.75,7,-0.010984166666666462,0.8397908333333334,0.8507749999999998
s750,0.75,8,-0.01167333333333298,0.8395841666666668,0.8512574999999998
s750,0.75,9,-0.0024966666666664805,0.8515,0.8539966666666665
s750,0.75,10,-0.004522500000000096,0.8518483333333332,0.8563708333333333
s750,0.75,11,-0.007808333333333306,0.8378366666666667,0.845645
s1000,1.0,0,-0.00797749999999997,0.8607875,0.868765
s1000,1.0,1,-0.004260833333333269,0.8621716666666666,0.8664324999999998
s1000,1.0,2,-0.001615000000000033,0.8670041666666666,0.8686191666666666
s1000,1.0,3,-0.010362500000000052,0.8527016666666665,0.8630641666666665
s1000,1.0,4,-0.006678333333333342,0.8577999999999999,0.8644783333333332
s1000,1.0,5,-0.011941666666666628,0.8532225,0.8651641666666666
s1000,1.0,6,-0.0004266666666666863,0.8645191666666665,0.8649458333333332
s1000,1.0,7,-0.010389166666666672,0.8538858333333332,0.8642749999999999
s1000,1.0,8,-0.008680833333333138,0.857035,0.8657158333333331
s1000,1.0,9,-0.007903333333333595,0.8568016666666665,0.8647050000000001
s1000,1.0,10,-0.0013566666666665617,0.8666391666666666,0.8679958333333332
s1000,1.0,11,-0.001499166666666718,0.8575624999999999,0.8590616666666666
