strength,mean_advantage,guideline_wins
0.0,-0.03571507880335687,0.0
0.05,-0.03165433132328162,0.0
0.1,-0.02770594539437496,0.0
0.15,-0.0238670688705886,0.0
0.2,-0.020134857360883916,0.025
0.25,-0.016506483019781443,0.075
0.3,-0.012979142347570166,0.075
0.35,-0.009550063046097757,0.125
0.4,-0.006216509982555535,0.325
0.45,-0.0029757903182057897,0.45
0.5,0.00017474213821636885,0.5
0.55,0.0032376832914189245,0.55
0.6,0.006215575773789328,0.675
0.65,0.009110906553000194,0.775
0.7,0.011926105074917367,0.825
0.75,0.01466354188625174,0.875
0.8,0.017325527684368437,0.9
0.85,0.01991431274494628,0.925
0.9,0.022432086681640102,0.95
0.95,0.024880978495437984,0.95
1.0,0.027263056874939306,0.975
