strength,patient_id,guideline,refusal,advantage
0.0,MB-2994,0.817856086388035,0.855095582563693,-0.03723949617565803
0.0,MB-3028,0.8182241145723887,0.854879001579167,-0.036654887006778214
0.0,MB-3104,0.8530225195084288,0.8893515104313832,-0.036328990922954385
0.0,MB-4276,0.8009368153068649,0.8327553369056546,-0.03181852159878973
0.0,MB-5331,0.8269212982465414,0.8633527438189206,-0.036431445572379206
0.0,MB-0469,0.7799383590921047,0.8089611225949304,-0.02902276350282562
0.0,MB-3614,0.787103503608812,0.8160026272954649,-0.028899123686652928
0.0,MB-3711,0.8824754738590463,0.8917105718502513,-0.009235097991204921
0.0,MB-4686,0.7960685688547312,0.8249605231747277,-0.02889195431999647
0.0,MB-4750,0.8185178870883324,0.8523432129783692,-0.03382532589003684
0.0,MB-0113,0.8198126279805611,0.8552674708836379,-0.035454842903076766
0.0,MB-2513,0.8363724132137148,0.8698424085001984,-0.033469995286483645
0.0,MB-4350,0.8225308736468606,0.8579014445704028,-0.03537057092354223
0.0,MB-4763,0.8177096496129277,0.8529376554620929,-0.03522800584916519
0.0,MB-6100,0.7556590655352254,0.8118559786085318,-0.05619691307330632
0.0,MB-0294,0.8603508664233224,0.8917485206679836,-0.03139765424466123
0.0,MB-3383,0.7544634046793441,0.8092934454056683,-0.054830040726324136
0.0,MB-4931,0.8260334070065095,0.8581266552480785,-0.032093248241569006
0.0,MB-5008,0.72288770897645,0.7789413896122369,-0.05605368063578686
0.0,MB-5058,0.7858976773001414,0.8195433763886073,-0.03364569908846593
0.0,MB-0120,0.7841917543219922,0.8215839900950186,-0.03739223577302642
0.0,MB-2786,0.7789445330780651,0.8167710974081427,-0.03782656433007758
0.0,MB-5062,0.7854017024686831,0.8226882713689949,-0.03728656890031179
0.0,MB-5332,0.808475477955155,0.8452136287049283,-0.03673815074977338
0.0,MB-5558,0.7347992332782435,0.795136081231555,-0.06033684795331151
0.0,MB-5020,0.8042215390712618,0.8384136931642272,-0.03419215409296539
0.0,MB-5124,0.7714494428627682,0.8229351865169856,-0.05148574365421743
0.0,MB-5144,0.8735649594187581,0.8829850856098499,-0.009420126191091782
0.0,MB-5171,0.8882657526030155,0.8977370777566247,-0.009471325153609156
0.0,MB-5485,0.7861678774518154,0.817834544118482,-0.03166666666666662
0.0,MB-0378,0.7945387708180113,0.8300240023817056,-0.03548523156369432
0.0,MB-3470,0.7690491738851672,0.8009557711990357,-0.03190659731386847
0.0,MB-4127,0.7064056336031413,0.7673719528987816,-0.060966319295640226
0.0,MB-4952,0.8098280770883991,0.8441916190759169,-0.03436354198751779
0.0,MB-5312,0.6962454607784077,0.7584121573448647,-0.062166696566457014
0.0,MB-0502,0.7977014717950781,0.8309482728348324,-0.0332468010397543
0.0,MB-2753,0.8281707985457012,0.8557401086878573,-0.027569310142156134
0.0,MB-4769,0.8097466848764108,0.8366344184453458,-0.026887733568935035
0.0,MB-5135,0.835020389441549,0.8619497152120528,-0.026929325770503776
0.0,MB-5258,0.8142595179707615,0.8454364717518004,-0.031176953781038907
0.05,MB-2994,0.8232916912602596,0.855095582563693,-0.03180389130343342
0.05,MB-3028,0.8231353026724866,0.854879001579167,-0.031743698906680384
0.05,MB-3104,0.8575046652817249,0.8893515104313832,-0.0318468451496583
0.05,MB-4276,0.8049453828448621,0.8327553369056546,-0.027809954060792563
0.05,MB-5331,0.8316206156363904,0.8633527438189206,-0.03173212818253013
0.05,MB-0469,0.7842271053907064,0.8089611225949304,-0.024734017204223968
0.05,MB-3614,0.7912740725048805,0.8160026272954649,-0.024728554790584445
0.05,MB-3711,0.8850838974837398,0.8917105718502513,-0.006626674366511431
0.05,MB-4686,0.8001518508869041,0.8249605231747277,-0.024808672287823574
0.05,MB-4750,0.8229315549122492,0.8523432129783692,-0.029411658066120006
0.05,MB-0113,0.8233056092480779,0.8552674708836379,-0.03196186163555992
0.05,MB-2513,0.8390539372262953,0.8698424085001984,-0.030788471273903162
0.05,MB-4350,0.8259916977218593,0.8579014445704028,-0.03190974684854353
0.05,MB-4763,0.8211026134761279,0.8529376554620929,-0.031835041985964985
0.05,MB-6100,0.7603267932839488,0.8118559786085318,-0.05152918532458295
0.05,MB-0294,0.8628309963960517,0.8917485206679836,-0.02891752427193195
0.05,MB-3383,0.7595408727534837,0.8092934454056683,-0.04975257265218458
0.05,MB-4931,0.8288285523939404,0.8581266552480785,-0.02929810285413814
0.05,MB-5008,0.7280268173748988,0.7789413896122369,-0.050914572237338085
0.05,MB-5058,0.7894399873884759,0.8195433763886073,-0.03010338900013143
0.05,MB-0120,0.7897379179596331,0.8215839900950186,-0.031846072135385484
0.05,MB-2786,0.7849186428340282,0.8167710974081427,-0.03185245457411445
0.05,MB-5062,0.7908435095990128,0.8226882713689949,-0.03184476176998208
0.05,MB-5332,0.8134568505778447,0.8452136287049283,-0.03175677812708366
0.05,MB-5558,0.7436145881255388,0.795136081231555,-0.05152149310601617
0.05,MB-5020,0.8093427854050779,0.8384136931642272,-0.029070907759149334
0.05,MB-5124,0.7775097192605918,0.8229351865169856,-0.04542546725639385
0.05,MB-5144,0.8759893969414512,0.8829850856098499,-0.006995688668398725
0.05,MB-5171,0.8906932449964605,0.8977370777566247,-0.0070438327601641815
0.05,MB-5485,0.7913121812616024,0.817834544118482,-0.02652236285687959
0.05,MB-0378,0.7979510145044447,0.8300240023817056,-0.03207298787726087
0.05,MB-3470,0.7710735718234998,0.8009557711990357,-0.029882199375535934
0.05,MB-4127,0.7120347245614834,0.7673719528987816,-0.05533722833729815
0.05,MB-4952,0.8127945956219437,0.8441916190759169,-0.031397023453973216
0.05,MB-5312,0.7021682838281984,0.7584121573448647,-0.056243873516666265
0.05,MB-0502,0.8010620932456499,0.8309482728348324,-0.029886179589182493
0.05,MB-2753,0.8296955627057016,0.8557401086878573,-0.026044545982155776
0.05,MB-4769,0.8113694551523114,0.8366344184453458,-0.025264963293034404
0.05,MB-5135,0.8364659939764676,0.8619497152120528,-0.025483721235585177
0.05,MB-5258,0.8170123228974326,0.8454364717518004,-0.028424148854367726
0.1,MB-2994,0.8285081849267381,0.855095582563693,-0.026587397636954946
0.1,MB-3028,0.827871701287207,0.854879001579167,-0.027007300291959968
0.1,MB-3104,0.8617853483507242,0.8893515104313832,-0.027566162080658985
0.1,MB-4276,0.8088598666640915,0.8327553369056546,-0.023895470241563133
0.1,MB-5331,0.8361474162519932,0.8633527438189206,-0.027205327566927395
0.1,MB-0469,0.7884236607916874,0.8089611225949304,-0.020537461803243007
0.1,MB-3614,0.7953529377353176,0.8160026272954649,-0.020649689560147344
0.1,MB-3711,0.8876098289270684,0.8917105718502513,-0.004100742923182854
0.1,MB-4686,0.8041409348395996,0.8249605231747277,-0.020819588335128092
0.1,MB-4750,0.8272164605068273,0.8523432129783692,-0.025126752471541947
0.1,MB-0113,0.8267050572594967,0.8552674708836379,-0.028562413624141136
0.1,MB-2513,0.841674151161907,0.8698424085001984,-0.028168257338291425
0.1,MB-4350,0.8293589034106696,0.8579014445704028,-0.028542541159733203
0.1,MB-4763,0.8244083271954465,0.8529376554620929,-0.028529328266646337
0.1,MB-6100,0.7648769058335283,0.8118559786085318,-0.04697907277500346
0.1,MB-0294,0.8652437729322479,0.8917485206679836,-0.026504747735735745
0.1,MB-3383,0.7644885708431083,0.8092934454056683,-0.04480487456255999
0.1,MB-4931,0.8315634775151572,0.8581266552480785,-0.026563177732921273
0.1,MB-5008,0.7330462227710555,0.7789413896122369,-0.045895166841181445
0.1,MB-5058,0.792908517432472,0.8195433763886073,-0.026634858956135266
0.1,MB-0120,0.7951178031094267,0.8215839900950186,-0.02646618698559189
0.1,MB-2786,0.7906981033538972,0.8167710974081427,-0.026072994054245457
0.1,MB-5062,0.7961262970580626,0.8226882713689949,-0.026561974310932324
0.1,MB-5332,0.8182761413659647,0.8452136287049283,-0.026937487338963617
0.1,MB-5558,0.7520978552260774,0.795136081231555,-0.043038226005477576
0.1,MB-5020,0.8142974669261699,0.8384136931642272,-0.024116226238057314
0.1,MB-5124,0.783355352338957,0.8229351865169856,-0.03957983417802857
0.1,MB-5144,0.8783546240814155,0.8829850856098499,-0.004630461528434382
0.1,MB-5171,0.8930448227679436,0.8977370777566247,-0.004692254988681088
0.1,MB-5485,0.7963240540439248,0.817834544118482,-0.021510490074557187
0.1,MB-0378,0.8012906431616755,0.8300240023817056,-0.028733359220030064
0.1,MB-3470,0.7730798269186245,0.8009557711990357,-0.02787594428041118
0.1,MB-4127,0.7175352535646733,0.7673719528987816,-0.04983669933410828
0.1,MB-4952,0.815702952623044,0.8441916190759169,-0.028488666452872846
0.1,MB-5312,0.7079587372476035,0.7584121573448647,-0.05045342009726117
0.1,MB-0502,0.8043507477057059,0.8309482728348324,-0.026597525129126498
0.1,MB-2753,0.8312048268707566,0.8557401086878573,-0.02453528181710074
0.1,MB-4769,0.8129769528935574,0.8366344184453458,-0.02365746555178838
0.1,MB-5135,0.8378967926672706,0.8619497152120528,-0.024052922544782196
0.1,MB-5258,0.8197164080109097,0.8454364717518004,-0.025720063740890642
0.15,MB-2994,0.8335141093673766,0.855095582563693,-0.021581473196316425
0.15,MB-3028,0.8324395943058048,0.854879001579167,-0.022439407273362133
0.15,MB-3104,0.8658734080668674,0.8893515104313832,-0.02347810236451575
0.15,MB-4276,0.8126820143427703,0.8327553369056546,-0.0200733225628843
0.15,MB-5331,0.8405081844045831,0.8633527438189206,-0.022844559414337495
0.15,MB-0469,0.7925294639117633,0.8089611225949304,-0.016431658683167094
0.15,MB-3614,0.7993416145294231,0.8160026272954649,-0.016661012766041816
0.15,MB-3711,0.8900562914235209,0.8917105718502513,-0.0016542804267303257
0.15,MB-4686,0.8080375163849242,0.8249605231747277,-0.01692300678980352
0.15,MB-4750,0.8313758576761204,0.8523432129783692,-0.020967355302248802
0.15,MB-0113,0.8300134063441202,0.8552674708836379,-0.025254064539517618
0.15,MB-2513,0.8442346261512117,0.8698424085001984,-0.025607782348986752
0.15,MB-4350,0.8326349435609094,0.8579014445704028,-0.02526650100949346
0.15,MB-4763,0.8276290718008548,0.8529376554620929,-0.025308583661238115
0.15,MB-6100,0.7693116771019524,0.8118559786085318,-0.042544301506579396
0.15,MB-0294,0.8675911936675104,0.8917485206679836,-0.02415732700047324
0.15,MB-3383,0.7693082585679913,0.8092934454056683,-0.039985186837676934
0.15,MB-4931,0.8342396195967995,0.8581266552480785,-0.02388703565127903
0.15,MB-5008,0.7379479172164859,0.7789413896122369,-0.04099347239575102
0.15,MB-5058,0.79630488228293,0.8195433763886073,-0.023238494105677354
0.15,MB-0120,0.800335839864417,0.8215839900950186,-0.02124815023060156
0.15,MB-2786,0.7962888414582971,0.8167710974081427,-0.02048225594984554
0.15,MB-5062,0.8012540728400778,0.8226882713689949,-0.021434198528917148
0.15,MB-5332,0.8229384634448595,0.8452136287049283,-0.022275165260068785
0.15,MB-5558,0.7602534264667811,0.795136081231555,-0.034882654764773924
0.15,MB-5020,0.8190908137508902,0.8384136931642272,-0.01932287941333699
0.15,MB-5124,0.7889935695342677,0.8229351865169856,-0.033941616982717915
0.15,MB-5144,0.880662301016035,0.8829850856098499,-0.002322784593814853
0.15,MB-5171,0.8953232710183907,0.8977370777566247,-0.0024138067382339923
0.15,MB-5485,0.8012057128219172,0.817834544118482,-0.016628831296564783
0.15,MB-0378,0.8045593017721856,0.8300240023817056,-0.025464700609519997
0.15,MB-3470,0.7750680367568641,0.8009557711990357,-0.025887734442171628
0.15,MB-4127,0.7229087674352958,0.7673719528987816,-0.04446318546348582
0.15,MB-4952,0.8185543595637182,0.8441916190759169,-0.02563725951219864
0.15,MB-5312,0.7136179469209888,0.7584121573448647,-0.04479421042387588
0.15,MB-0502,0.8075690831861668,0.8309482728348324,-0.023379189648665588
0.15,MB-2753,0.8326987108005628,0.8557401086878573,-0.023041397887294535
0.15,MB-4769,0.8145692841163621,0.8366344184453458,-0.022065134328983715
0.15,MB-5135,0.8393129053066418,0.8619497152120528,-0.02263680990541095
0.15,MB-5258,0.8223726107448193,0.8454364717518004,-0.0230638610069811
0.2,MB-2994,0.8383178157491096,0.855095582563693,-0.016777766814583428
0.2,MB-3028,0.8368450769723429,0.854879001579167,-0.01803392460682407
0.2,MB-3104,0.8697774343139347,0.8893515104313832,-0.019574076117448436
0.2,MB-4276,0.816413572934559,0.8327553369056546,-0.016341763971095657
0.2,MB-5331,0.8447091957873082,0.8633527438189206,-0.01864354803161239
0.2,MB-0469,0.7965459636073193,0.8089611225949304,-0.01241515898761103
0.2,MB-3614,0.8032416240663368,0.8160026272954649,-0.012761003229128098
0.2,MB-3711,0.8924261992746889,0.8917105718502513,0.0007156274244376482
0.2,MB-4686,0.8118432928934741,0.8249605231747277,-0.013117230281253556
0.2,MB-4750,0.8354129502804545,0.8523432129783692,-0.016930262697914755
0.2,MB-0113,0.8332330647093923,0.8552674708836379,-0.02203440617424557
0.2,MB-2513,0.8467368937513418,0.8698424085001984,-0.023105514748856693
0.2,MB-4350,0.8358222449183524,0.8579014445704028,-0.022079199652050407
0.2,MB-4763,0.8307670939858978,0.8529376554620929,-0.022170561476195116
0.2,MB-6100,0.7736334327489496,0.8118559786085318,-0.03822254585958218
0.2,MB-0294,0.8698752056063974,0.8917485206679836,-0.021873315061586185
0.2,MB-3383,0.7740018440561552,0.8092934454056683,-0.035291601349513035
0.2,MB-4931,0.8368583814454346,0.8581266552480785,-0.021268273802643956
0.2,MB-5008,0.7427339632037844,0.7789413896122369,-0.03620742640845254
0.2,MB-5058,0.799630668625362,0.8195433763886073,-0.019912707763245274
0.2,MB-0120,0.805396388710533,0.8215839900950186,-0.016187601384485606
0.2,MB-2786,0.801696676373383,0.8167710974081427,-0.015074421034759644
0.2,MB-5062,0.8062307922022244,0.8226882713689949,-0.01645747916677054
0.2,MB-5332,0.8274487979389501,0.8452136287049283,-0.017764830765978235
0.2,MB-5558,0.7680868503461622,0.795136081231555,-0.027049230885392794
0.2,MB-5020,0.8237279254926516,0.8384136931642272,-0.01468576767157559
0.2,MB-5124,0.7944314656154644,0.8229351865169856,-0.0285037209015212
0.2,MB-5144,0.8829140327165965,0.8829850856098499,-7.105289325337605e-05
0.2,MB-5171,0.8975312705827992,0.8977370777566247,-0.00020580717382545632
0.2,MB-5485,0.805959416003581,0.817834544118482,-0.01187512811490099
0.2,MB-0378,0.8077586043568763,0.8300240023817056,-0.022265398024829297
0.2,MB-3470,0.7770383000735784,0.8009557711990357,-0.02391747112545728
0.2,MB-4127,0.7281569512137258,0.7673719528987816,-0.03921500168505576
0.2,MB-4952,0.821350002484285,0.8441916190759169,-0.022841616591631864
0.2,MB-5312,0.7191472254264629,0.7584121573448647,-0.039264931918401746
0.2,MB-0502,0.8107187158219632,0.8309482728348324,-0.020229557012869215
0.2,MB-2753,0.834177334341808,0.8557401086878573,-0.021562774346049363
0.2,MB-4769,0.8161465550241677,0.8366344184453458,-0.020487863421178143
0.2,MB-5135,0.840714451568358,0.8619497152120528,-0.02123526364369477
0.2,MB-5258,0.8249817546874794,0.8454364717518004,-0.020454717064321004
0.25,MB-2994,0.8429274436418627,0.855095582563693,-0.01216813892183033
0.25,MB-3028,0.8410940537821868,0.854879001579167,-0.01378494779698014
0.25,MB-3104,0.8735057501671526,0.8893515104313832,-0.01584576026423057
0.25,MB-4276,0.8200562863434285,0.8327553369056546,-0.012699050562226089
0.25,MB-5331,0.8487565162973312,0.8633527438189206,-0.0145962275215894
0.25,MB-0469,0.8004746164469912,0.8089611225949304,-0.00848650614793911
0.25,MB-3614,0.8070544910528454,0.8160026272954649,-0.008948136242619475
0.25,MB-3711,0.8947223598247975,0.8917105718502513,0.003011787974546265
0.25,MB-4686,0.8155599608015699,0.8249605231747277,-0.009400562373157784
0.25,MB-4750,0.8393308905362271,0.8523432129783692,-0.013012322442142121
0.25,MB-0113,0.836366410248931,0.8552674708836379,-0.018901060634706868
0.25,MB-2513,0.8491824463020463,0.8698424085001984,-0.020659962198152138
0.25,MB-4350,0.8389232038371865,0.8579014445704028,-0.0189782407332163
0.25,MB-4763,0.8338246034152914,0.8529376554620929,-0.01911305204680147
0.25,MB-6100,0.7778445389627127,0.8118559786085318,-0.0340114396458191
0.25,MB-0294,0.8720977049352806,0.8917485206679836,-0.019650815732702998
0.25,MB-3383,0.7785713657930533,0.8092934454056683,-0.030722079612614972
0.25,MB-4931,0.8394211317816613,0.8581266552480785,-0.018705523466417184
0.25,MB-5008,0.7474064818803584,0.7789413896122369,-0.0315349077318785
0.25,MB-5058,0.8028874342643564,0.8195433763886073,-0.016655942124250922
0.25,MB-0120,0.8103037360499877,0.8215839900950186,-0.011280254045030857
0.25,MB-2786,0.8069273102095106,0.8167710974081427,-0.009843787198632103
0.25,MB-5062,0.8110603535155272,0.8226882713689949,-0.011627917853467729
0.25,MB-5332,0.8318119926152107,0.8452136287049283,-0.013401636089717672
0.25,MB-5558,0.7756046602414653,0.795136081231555,-0.019531420990089643
0.25,MB-5020,0.8282137690888676,0.8384136931642272,-0.010199924075359634
0.25,MB-5124,0.7996759861782539,0.8229351865169856,-0.023259200338731745
0.25,MB-5144,0.8851113708436966,0.8829850856098499,0.0021262852338467253
0.25,MB-5171,0.8996714005217957,0.8977370777566247,0.001934322765171026
0.25,MB-5485,0.8105874567843631,0.817834544118482,-0.00724708733411894
0.25,MB-0378,0.8108901334082084,0.8300240023817056,-0.019133868973497226
0.25,MB-3470,0.7789907166994214,0.8009557711990357,-0.021965054499614278
0.25,MB-4127,0.7332816119624109,0.7673719528987816,-0.034090340936370644
0.25,MB-4952,0.8240910422213377,0.8441916190759169,-0.020100576854579222
0.25,MB-5312,0.7245480534290797,0.7584121573448647,-0.03386410391578498
0.25,MB-0502,0.8138012293753191,0.8309482728348324,-0.017147043459513345
0.25,MB-2753,0.8356408173953735,0.8557401086878573,-0.02009929129248378
0.25,MB-4769,0.8177088719790448,0.8366344184453458,-0.018925546466300958
0.25,MB-5135,0.8421015509806979,0.8619497152120528,-0.019848164231354826
0.25,MB-5258,0.8275446497409017,0.8454364717518004,-0.017891822010898673
0.3,MB-2994,0.8473509048437172,0.855095582563693,-0.007744677719975779
0.3,MB-3028,0.8451922378346389,0.854879001579167,-0.009686763744528037
0.3,MB-3104,0.8770663992129187,0.8893515104313832,-0.012285111218464428
0.3,MB-4276,0.8236118929004799,0.8327553369056546,-0.00914344400517475
0.3,MB-5331,0.8526560023407854,0.8633527438189206,-0.010696741478135152
0.3,MB-0469,0.8043168843435478,0.8089611225949304,-0.004644238251382604
0.3,MB-3614,0.8107817414645022,0.8160026272954649,-0.005220885830962696
0.3,MB-3711,0.8969474756972178,0.8917105718502513,0.005236903846966512
0.3,MB-4686,0.8191892131742179,0.8249605231747277,-0.005771310000509788
0.3,MB-4750,0.8431327775841592,0.8523432129783692,-0.00921043539421007
0.3,MB-0113,0.8394157868763344,0.8552674708836379,-0.015851684007303413
0.3,MB-2513,0.8515727373619897,0.8698424085001984,-0.018269671138208765
0.3,MB-4350,0.841940182526654,0.8579014445704028,-0.015961262043748814
0.3,MB-4763,0.8368037704308591,0.8529376554620929,-0.016133885031233808
0.3,MB-6100,0.7819473921231711,0.8118559786085318,-0.029908586485360655
0.3,MB-0294,0.8742605370241691,0.8917485206679836,-0.017487983643814542
0.3,MB-3383,0.7830189754481803,0.8092934454056683,-0.026274469957487945
0.3,MB-4931,0.841929205636776,0.8581266552480785,-0.01619744961130254
0.3,MB-5008,0.75196764210385,0.7789413896122369,-0.02697374750838688
0.3,MB-5058,0.8060767075645973,0.8195433763886073,-0.013466668824010042
0.3,MB-0120,0.815062090567558,0.8215839900950186,-0.006521899527460628
0.3,MB-2786,0.8119863204246835,0.8167710974081427,-0.004784776983459138
0.3,MB-5062,0.8157465947739556,0.8226882713689949,-0.006941676595039303
0.3,MB-5332,0.8360327613676072,0.8452136287049283,-0.009180867337321152
0.3,MB-5558,0.7828142130240371,0.795136081231555,-0.012321868207517905
0.3,MB-5020,0.832553177590436,0.8384136931642272,-0.005860515573791192
0.3,MB-5124,0.8047339144929953,0.8229351865169856,-0.018201272023990356
0.3,MB-5144,0.8872558156100641,0.8829850856098499,0.004270730000214162
0.3,MB-5171,0.9017461407746772,0.8977370777566247,0.004009063018052483
0.3,MB-5485,0.8150921569256463,0.817834544118482,-0.0027423871928357046
0.3,MB-0378,0.8139554394739531,0.8300240023817056,-0.016068562907752493
0.3,MB-3470,0.7809253875076961,0.8009557711990357,-0.02003038369133958
0.3,MB-4127,0.7382846634470288,0.7673719528987816,-0.029087289451752762
0.3,MB-4952,0.8267786146768827,0.8441916190759169,-0.01741300439903415
0.3,MB-5312,0.7298220618614574,0.7584121573448647,-0.028590095483407296
0.3,MB-0502,0.8168181748852845,0.8309482728348324,-0.014130097949547893
0.3,MB-2753,0.8370892798844465,0.8557401086878573,-0.018650828803410846
0.3,MB-4769,0.8192563414738372,0.8366344184453458,-0.017378076971508616
0.3,MB-5135,0.8434743229006658,0.8619497152120528,-0.01847539231138695
0.3,MB-5258,0.8300620922885172,0.8454364717518004,-0.015374379463283128
0.35,MB-2994,0.8515958712483563,0.855095582563693,-0.003499711315336662
0.35,MB-3028,0.8491451514171547,0.854879001579167,-0.005733850162012222
0.35,MB-3104,0.8804671369154373,0.8893515104313832,-0.008884373515945843
0.35,MB-4276,0.8270821231328475,0.8327553369056546,-0.005673213772807162
0.35,MB-5331,0.8564133023830001,0.8633527438189206,-0.0069394414359205125
0.35,MB-0469,0.8080742323385838,0.8089611225949304,-0.0008868902563465841
0.35,MB-3614,0.8144249004428579,0.8160026272954649,-0.001577726852607042
0.35,MB-3711,0.8991041472437951,0.8917105718502513,0.007393575393543794
0.35,MB-4686,0.8227327374544656,0.8249605231747277,-0.0022277857202620543
0.35,MB-4750,0.8468216563010111,0.8523432129783692,-0.005521556677358097
0.35,MB-0113,0.8423835013464733,0.8552674708836379,-0.01288396953716453
0.35,MB-2513,0.8539091822147652,0.8698424085001984,-0.015933226285433255
0.35,MB-4350,0.8448755057951742,0.8579014445704028,-0.013025938775228618
0.35,MB-4763,0.8397067241235677,0.8529376554620929,-0.013230931338525154
0.35,MB-6100,0.7859444093119835,0.8118559786085318,-0.025911569296548254
0.35,MB-0294,0.8763654965967627,0.8917485206679836,-0.015383024071220941
0.35,MB-3383,0.7873469217020288,0.8092934454056683,-0.021946523703639476
0.35,MB-4931,0.8443839048037005,0.8581266552480785,-0.013742750444378005
0.35,MB-5008,0.7564196503176666,0.7789413896122369,-0.022521739294570353
0.35,MB-5058,0.8091999870338207,0.8195433763886073,-0.010343389354786625
0.35,MB-0120,0.8196755803385344,0.8215839900950186,-0.0019084097564842084
0.35,MB-2786,0.8168791540253426,0.8167710974081427,0.00010805661719992532
0.35,MB-5062,0.8202932906886834,0.8226882713689949,-0.0023949806803115203
0.35,MB-5332,0.8401156844165302,0.8452136287049283,-0.00509794428839816
0.35,MB-5558,0.7897235392425911,0.795136081231555,-0.005412541988963904
0.35,MB-5020,0.8367508497739099,0.8384136931642272,-0.0016628433903173034
0.35,MB-5124,0.8096118613001894,0.8229351865169856,-0.013323325216796245
0.35,MB-5144,0.8893488176059501,0.8829850856098499,0.006363731996100186
0.35,MB-5171,0.903757874936987,0.8977370777566247,0.006020797180362303
0.35,MB-5485,0.8194758609002736,0.817834544118482,0.0016413167817915797
0.35,MB-0378,0.816956040876887,0.8300240023817056,-0.013067961504818593
0.35,MB-3470,0.7828424143628007,0.8009557711990357,-0.01811335683623505
0.35,MB-4127,0.7431681117087601,0.7673719528987816,-0.024203841190021502
0.35,MB-4952,0.829413831123212,0.8441916190759169,-0.014777787952704902
0.35,MB-5312,0.7349710149421604,0.7584121573448647,-0.02344114240270423
0.35,MB-0502,0.8197710704490487,0.8309482728348324,-0.01117720238578368
0.35,MB-2753,0.8385228417235393,0.8557401086878573,-0.017217266964318023
0.35,MB-4769,0.820789070105031,0.8366344184453458,-0.015845348340314813
0.35,MB-5135,0.844832886489021,0.8619497152120528,-0.017116828723031774
0.35,MB-5258,0.8325348653701876,0.8454364717518004,-0.012901606381612751
0.4,MB-2994,0.8556697662328371,0.855095582563693,0.0005741836691440794
0.4,MB-3028,0.8529581276220117,0.854879001579167,-0.0019208739571552336
0.4,MB-3104,0.8837154254692827,0.8893515104313832,-0.0056360849621004405
0.4,MB-4276,0.8304686977149885,0.8327553369056546,-0.0022866391906660732
0.4,MB-5331,0.8600338595338387,0.8633527438189206,-0.003318884285081869
0.4,MB-0469,0.8117481265335832,0.8089611225949304,0.0027870039386528322
0.4,MB-3614,0.8179854903416922,0.8160026272954649,0.001982863046227301
0.4,MB-3711,0.9011948751641576,0.8917105718502513,0.009484303313906373
0.4,MB-4686,0.8261922133899778,0.8249605231747277,0.0012316902152501585
0.4,MB-4750,0.8504005163320731,0.8523432129783692,-0.0019426966462960937
0.4,MB-0113,0.8452718205273095,0.8552674708836379,-0.009995650356328323
0.4,MB-2513,0.8561931584350848,0.8698424085001984,-0.013649250065113638
0.4,MB-4350,0.8477314582543548,0.8579014445704028,-0.01016998631604804
0.4,MB-4763,0.8425355507409787,0.8529376554620929,-0.010402104721114136
0.4,MB-6100,0.7898380196359629,0.8118559786085318,-0.022017958972568863
0.4,MB-0294,0.8784143280495448,0.8917485206679836,-0.013334192618438823
0.4,MB-3383,0.7915575350833881,0.8092934454056683,-0.01773591032228017
0.4,MB-4931,0.8467864983345955,0.8581266552480785,-0.011340156913483002
0.4,MB-5008,0.7607647412207963,0.7789413896122369,-0.01817664839144062
0.4,MB-5058,0.8122587410339701,0.8195433763886073,-0.007284635354637192
0.4,MB-0120,0.8241482505874936,0.8215839900950186,0.0025642604924750456
0.4,MB-2786,0.8216111232804869,0.8167710974081427,0.0048400258723442224
0.4,MB-5062,0.8247041503018505,0.8226882713689949,0.002015878932855597
0.4,MB-5332,0.8440652091118436,0.8452136287049283,-0.0011484195930847596
0.4,MB-5558,0.79634120560019,0.795136081231555,0.0012051243686349578
0.4,MB-5020,0.8408113504522888,0.8384136931642272,0.0023976572880616276
0.4,MB-5124,0.8143162571816318,0.8229351865169856,-0.008618929335353798
0.4,MB-5144,0.8913917795831562,0.8829850856098499,0.00840669397330629
0.4,MB-5171,0.9057088931300938,0.8977370777566247,0.007971815373469138
0.4,MB-5485,0.8237409303953812,0.817834544118482,0.0059063862768992115
0.4,MB-0378,0.8198934235567824,0.8300240023817056,-0.010130578824923187
0.4,MB-3470,0.7847419000697561,0.8009557711990357,-0.016213871129279633
0.4,MB-4127,0.747934041531715,0.7673719528987816,-0.019437911367066518
0.4,MB-4952,0.8319977785385512,0.8441916190759169,-0.012193840537365719
0.4,MB-5312,0.7399967940675017,0.7584121573448647,-0.01841536327736293
0.4,MB-0502,0.8226614011215855,0.8309482728348324,-0.008286871713246935
0.4,MB-2753,0.8399416227883926,0.8557401086878573,-0.015798485899464754
0.4,MB-4769,0.8223071645463449,0.8366344184453458,-0.014327253899000914
0.4,MB-5135,0.846177360686093,0.8619497152120528,-0.01577235452595982
0.4,MB-5258,0.8349637388632136,0.8454364717518004,-0.010472732888586744
0.45,MB-2994,0.8595797590889779,0.855095582563693,0.0044841765252848775
0.45,MB-3028,0.8566363128196954,0.854879001579167,0.0017573112405284697
0.45,MB-3104,0.8868184316292604,0.8893515104313832,-0.0025330788021227235
0.45,MB-4276,0.83377332559285,0.8327553369056546,0.0010179886871953814
0.45,MB-5331,0.8635229149832064,0.8633527438189206,0.00017017116428585943
0.45,MB-0469,0.8153400321609905,0.8089611225949304,0.006378909566060131
0.45,MB-3614,0.8214650289152661,0.8160026272954649,0.0054624016198011605
0.45,MB-3711,0.903222063257096,0.8917105718502513,0.01151149140684471
0.45,MB-4686,0.8295693111278171,0.8249605231747277,0.004608787953089388
0.45,MB-4750,0.8538722913238197,0.8523432129783692,0.001529078345450463
0.45,MB-0113,0.8480829690867466,0.8552674708836379,-0.0071845017968912295
0.45,MB-2513,0.8584260065064321,0.8698424085001984,-0.011416401993766367
0.45,MB-4350,0.8505102819467596,0.8579014445704028,-0.007391162623643255
0.45,MB-4763,0.8452922924010222,0.8529376554620929,-0.007645363061070665
0.45,MB-6100,0.7936306563280559,0.8118559786085318,-0.01822532228047591
0.45,MB-0294,0.8804087259022015,0.8917485206679836,-0.011339794765782063
0.45,MB-3383,0.7956532138158349,0.8092934454056683,-0.013640231589833407
0.45,MB-4931,0.8491382230782389,0.8581266552480785,-0.008988432169839577
0.45,MB-5008,0.7650051692026784,0.7789413896122369,-0.013936220409558553
0.45,MB-5058,0.8152544076077656,0.8195433763886073,-0.004288968780841729
0.45,MB-0120,0.8284840620165915,0.8215839900950186,0.006900071921572937
0.45,MB-2786,0.8261874027473228,0.8167710974081427,0.009416305339180142
0.45,MB-5062,0.8289828150608357,0.8226882713689949,0.006294543691840793
0.45,MB-5332,0.847885651241439,0.8452136287049283,0.0026720225365106653
0.45,MB-5558,0.8026761900399485,0.795136081231555,0.007540108808393509
0.45,MB-5020,0.8447391113748149,0.8384136931642272,0.006325418210587741
0.45,MB-5124,0.8188533471687548,0.8229351865169856,-0.004081839348230809
0.45,MB-5144,0.8933860581945567,0.8829850856098499,0.010400972584706847
0.45,MB-5171,0.9076013949342296,0.8977370777566247,0.009864317177604942
0.45,MB-5485,0.8278897391621073,0.817834544118482,0.010055195043625287
0.45,MB-0378,0.8227690410220263,0.8300240023817056,-0.007254961359679291
0.45,MB-3470,0.7866239483248079,0.8009557711990357,-0.01433182287422785
0.45,MB-4127,0.752584603800775,0.7673719528987816,-0.014787349098006608
0.45,MB-4952,0.8345315199689729,0.8441916190759169,-0.009660099106943987
0.45,MB-5312,0.7449013825993905,0.7584121573448647,-0.01351077474547413
0.45,MB-0502,0.8254906189211649,0.8309482728348324,-0.005457653913667482
0.45,MB-2753,0.8413457428867533,0.8557401086878573,-0.014394365801103981
0.45,MB-4769,0.8238107315230246,0.8366344184453458,-0.012823686922321165
0.45,MB-5135,0.8475078641883705,0.8619497152120528,-0.014441851023682228
0.45,MB-5258,0.8373494696681685,0.8454364717518004,-0.008087002083631889
0.5,MB-2994,0.8633327620662052,0.855095582563693,0.008237179502512237
0.5,MB-3028,0.8601846698346328,0.854879001579167,0.005305668255465856
0.5,MB-3104,0.8897830270598026,0.8893515104313832,0.00043151662841944827
0.5,MB-4276,0.8369977022716365,0.8327553369056546,0.004242365365981882
0.5,MB-5331,0.8668855121247282,0.8633527438189206,0.003532768305807621
0.5,MB-0469,0.8188514117890097,0.8089611225949304,0.009890289194079305
0.5,MB-3614,0.8248650276417495,0.8160026272954649,0.008862400346284605
0.5,MB-3711,0.9051880212705661,0.8917105718502513,0.013477449420314813
0.5,MB-4686,0.8328656894686445,0.8249605231747277,0.007905166293916799
0.5,MB-4750,0.8572398583380079,0.8523432129783692,0.0048966453596386295
0.5,MB-0113,0.8508191275605793,0.8552674708836379,-0.004448343323058546
0.5,MB-2513,0.8606090304822482,0.8698424085001984,-0.009233378017950211
0.5,MB-4350,0.8532141743628822,0.8579014445704028,-0.0046872702075206885
0.5,MB-4763,0.8479789460846372,0.8529376554620929,-0.004958709377455683
0.5,MB-6100,0.7973247495881433,0.8118559786085318,-0.014531229020388503
0.5,MB-0294,0.8823503353630676,0.8917485206679836,-0.009398185304915985
0.5,MB-3383,0.7996364106627342,0.8092934454056683,-0.009657034742934112
0.5,MB-4931,0.8514402842508934,0.8581266552480785,-0.006686370997185165
0.5,MB-5008,0.7691432005112879,0.7789413896122369,-0.009798189100948984
0.5,MB-5058,0.818188394408838,0.8195433763886073,-0.001354981979769354
0.5,MB-0120,0.8326868896308,0.8215839900950186,0.011102899535781363
0.5,MB-2786,0.8306130274274736,0.8167710974081427,0.013841930019330873
0.5,MB-5062,0.8331328573001519,0.8226882713689949,0.010444585931156936
0.5,MB-5332,0.8515811967591674,0.8452136287049283,0.006367568054239103
0.5,MB-5558,0.8087377694213956,0.795136081231555,0.013601688189840644
0.5,MB-5020,0.8485384326192558,0.8384136931642272,0.010124739455028564
0.5,MB-5124,0.8232291872820457,0.8229351865169856,0.00029400076506014283
0.5,MB-5144,0.8953329656866751,0.8829850856098499,0.01234788007682519
0.5,MB-5171,0.9094374923601026,0.8977370777566247,0.011700414603477927
0.5,MB-5485,0.8319246682011618,0.817834544118482,0.014090124082679845
0.5,MB-0378,0.8255843143991459,0.8300240023817056,-0.00443968798255967
0.5,MB-3470,0.788488663667092,0.8009557711990357,-0.012467107531943689
0.5,MB-4127,0.7571220037376221,0.7673719528987816,-0.01024994916115951
0.5,MB-4952,0.8370160949124702,0.8441916190759169,-0.007175524163446689
0.5,MB-5312,0.7496868515603847,0.7584121573448647,-0.008725305784479942
0.5,MB-0502,0.8282601429291929,0.8309482728348324,-0.0026881299056394914
0.5,MB-2753,0.8427353217300165,0.8557401086878573,-0.013004786957840797
0.5,MB-4769,0.825299877786835,0.8366344184453458,-0.011334540658510805
0.5,MB-5135,0.8488245154258514,0.8619497152120528,-0.013125199786201414
0.5,MB-5258,0.8396928018985226,0.8454364717518004,-0.0057436698532777886
0.55,MB-2994,0.8669354296367096,0.855095582563693,0.011839847073016552
0.55,MB-3028,0.8636079816882793,0.854879001579167,0.008728980109112383
0.55,MB-3104,0.892615790794711,0.8893515104313832,0.0032642803633278206
0.55,MB-4276,0.8401435082581666,0.8327553369056546,0.0073881713525120185
0.55,MB-5331,0.870126501226414,0.8633527438189206,0.006773757407493419
0.55,MB-0469,0.8222837236539721,0.8089611225949304,0.013322601059041705
0.55,MB-3614,0.8281869901751492,0.8160026272954649,0.012184362879684274
0.55,MB-3711,0.9070949678209832,0.8917105718502513,0.015384395970731934
0.55,MB-4686,0.8360829942717696,0.8249605231747277,0.011122471097041897
0.55,MB-4750,0.8605060374301956,0.8523432129783692,0.008162824451826367
0.55,MB-0113,0.8534824307692608,0.8552674708836379,-0.0017850401143770789
0.55,MB-2513,0.8627434986834429,0.8698424085001984,-0.007098909816755539
0.55,MB-4350,0.8558452868144282,0.8579014445704028,-0.0020561577559746747
0.55,MB-4763,0.8505974628814271,0.8529376554620929,-0.0023401925806657564
0.55,MB-6100,0.8009227201247393,0.8118559786085318,-0.010933258483792452
0.55,MB-0294,0.8842407529946265,0.8917485206679836,-0.007507767673357146
0.55,MB-3383,0.8035096207520699,0.8092934454056683,-0.005783824653598391
0.55,MB-4931,0.8536938560349554,0.8581266552480785,-0.0044327992131231175
0.55,MB-5008,0.7731811061206781,0.7789413896122369,-0.005760283491558771
0.55,MB-5058,0.8210620787244273,0.8195433763886073,0.0015187023358199658
0.55,MB-0120,0.8367605219954628,0.8215839900950186,0.015176531900444212
0.55,MB-2786,0.8348928918921378,0.8167710974081427,0.01812179448399509
0.55,MB-5062,0.8371577790836149,0.8226882713689949,0.014469507714619967
0.55,MB-5332,0.8551559038568324,0.8452136287049283,0.009942275151904045
0.55,MB-5558,0.8145354195070529,0.795136081231555,0.01939933827549789
0.55,MB-5020,0.8522134843920094,0.8384136931642272,0.013799791227782188
0.55,MB-5124,0.8274496427262054,0.8229351865169856,0.004514456209219753
0.55,MB-5144,0.8972337715434857,0.8829850856098499,0.014248685933635818
0.55,MB-5171,0.9112192128374768,0.8977370777566247,0.013482135080852053
0.55,MB-5485,0.8358481012728097,0.817834544118482,0.01801355715432773
0.55,MB-0378,0.8283406325693867,0.8300240023817056,-0.001683369812318869
0.55,MB-3470,0.790336151431357,0.8009557711990357,-0.010619619767678667
0.55,MB-4127,0.7615484899964542,0.7673719528987816,-0.005823462902327381
0.55,MB-4952,0.8394525197214777,0.8441916190759169,-0.004739099354439169
0.55,MB-5312,0.7543553462371646,0.7584121573448647,-0.004056811107700065
0.55,MB-0502,0.8309713594737344,0.8309482728348324,2.308663890193685e-05
0.55,MB-2753,0.8441104789057048,0.8557401086878573,-0.01162962978215254
0.55,MB-4769,0.8267747100917303,0.8366344184453458,-0.009859708353615493
0.55,MB-5135,0.8501274325401369,0.8619497152120528,-0.011822282671915874
0.55,MB-5258,0.8419944670731193,0.8454364717518004,-0.0034420046786810543
0.6,MB-2994,0.8703941596347136,0.855095582563693,0.015298577071020558
0.6,MB-3028,0.8669108557920848,0.854879001579167,0.012031854212917859
0.6,MB-3104,0.8953230134438935,0.8893515104313832,0.005971503012510371
0.6,MB-4276,0.8432124076490646,0.8327553369056546,0.010457070743409957
0.6,MB-5331,0.8732505445258669,0.8633527438189206,0.009897800706946347
0.6,MB-0469,0.8256384201142533,0.8089611225949304,0.016677297519322898
0.6,MB-3614,0.8314324109192323,0.8160026272954649,0.015429783623767346
0.6,MB-3711,0.9089450333561672,0.8917105718502513,0.0172344615059159
0.6,MB-4686,0.8392228570027394,0.8249605231747277,0.014262333828011675
0.6,MB-4750,0.8636735913771935,0.8523432129783692,0.011330378398824226
0.6,MB-0113,0.8560749665529082,0.8552674708836379,0.0008074956692702973
0.6,MB-2513,0.8648306444257061,0.8698424085001984,-0.005011764074492331
0.6,MB-4350,0.8584057231327384,0.8579014445704028,0.0005042785623355917
0.6,MB-4763,0.8531497474640968,0.8529376554620929,0.0002120920020038941
0.6,MB-6100,0.8044269733580327,0.8118559786085318,-0.0074290052504990545
0.6,MB-0294,0.8860815274653567,0.8917485206679836,-0.005666993202626869
0.6,MB-3383,0.8072753703557835,0.8092934454056683,-0.0020180750498848266
0.6,MB-4931,0.855900082200227,0.8581266552480785,-0.0022265730478515655
0.6,MB-5008,0.7771211552629274,0.7789413896122369,-0.0018202343493095574
0.6,MB-5058,0.8238768075805074,0.8195433763886073,0.004333431191900106
0.6,MB-0120,0.8407086608687578,0.8215839900950186,0.01912467077373925
0.6,MB-2786,0.8390317502324833,0.8167710974081427,0.022260652824340643
0.6,MB-5062,0.8410610113644806,0.8226882713689949,0.01837273999548572
0.6,MB-5332,0.8586137053146145,0.8452136287049283,0.013400076609686118
0.6,MB-5558,0.8200787267790917,0.795136081231555,0.024942645547536668
0.6,MB-5020,0.8557683091620355,0.8384136931642272,0.017354615997808298
0.6,MB-5124,0.8315203874947416,0.8229351865169856,0.008585200977755947
0.6,MB-5144,0.8990897040801535,0.8829850856098499,0.016104618470303644
0.6,MB-5171,0.91294850220208,0.8977370777566247,0.015211424445455313
0.6,MB-5485,0.839662420719464,0.817834544118482,0.021827876600981955
0.6,MB-0378,0.8310393523823643,0.8300240023817056,0.0010153500006586658
0.6,MB-3470,0.7921665177017289,0.8009557711990357,-0.00878925349730686
0.6,MB-4127,0.7658663445957142,0.7673719528987816,-0.0015056083030673406
0.6,MB-4952,0.8418417880204692,0.8441916190759169,-0.0023498310554477264
0.6,MB-5312,0.7589090736850735,0.7584121573448647,0.000496916340208875
0.6,MB-0502,0.8336256223869138,0.8309482728348324,0.0026773495520814317
0.6,MB-2753,0.8454713338507881,0.8557401086878573,-0.010268774837069228
0.6,MB-4769,0.8282353351702033,0.8366344184453458,-0.008399083275142494
0.6,MB-5135,0.8514167333632552,0.8619497152120528,-0.010532981848797585
0.6,MB-5258,0.8442551843106694,0.8454364717518004,-0.001181287441130996
0.65,MB-2994,0.873715095960114,0.855095582563693,0.018619513396420984
0.65,MB-3028,0.8700977284885798,0.854879001579167,0.015218726909412839
0.65,MB-3104,0.897910702826403,0.8893515104313832,0.008559192395019788
0.65,MB-4276,0.8462060468563274,0.8327553369056546,0.013450709950672768
0.65,MB-5331,0.8762621216444056,0.8633527438189206,0.012909377825485069
0.65,MB-0469,0.8289169462198409,0.8089611225949304,0.01995582362491055
0.65,MB-3614,0.8346027737171331,0.8160026272954649,0.018600146421668184
0.65,MB-3711,0.9107402631396753,0.8917105718502513,0.019029691289424
0.65,MB-4686,0.8422868934154127,0.8249605231747277,0.017326370240685063
0.65,MB-4750,0.8667452255393584,0.8523432129783692,0.014402012560989164
0.65,MB-0113,0.8585987747956738,0.8552674708836379,0.0033313039120359544
0.65,MB-2513,0.8668716667707145,0.8698424085001984,-0.002970741729483972
0.65,MB-4350,0.8608975386628988,0.8579014445704028,0.0029960940924959045
0.65,MB-4763,0.8556376577690081,0.8529376554620929,0.00270000230691525
0.65,MB-6100,0.8078398942445758,0.8118559786085318,-0.004016084363955952
0.65,MB-0294,0.8878741603754081,0.8917485206679836,-0.003874360292575485
0.65,MB-3383,0.810936206592932,0.8092934454056683,0.0016427611872636971
0.65,MB-4931,0.8580600767431535,0.8581266552480785,-6.657850492497452e-05
0.65,MB-5008,0.7809656095886668,0.7789413896122369,0.002024219976429875
0.65,MB-5058,0.8266338979199627,0.8195433763886073,0.007090521531355365
0.65,MB-0120,0.8445349211581642,0.8215839900950186,0.022950931063145608
0.65,MB-2786,0.8430342167079715,0.8167710974081427,0.02626311929982883
0.65,MB-5062,0.8448459134257685,0.8226882713689949,0.02215764205677362
0.65,MB-5332,0.8619584110729537,0.8452136287049283,0.016744782368025346
0.65,MB-5558,0.8253773114605488,0.795136081231555,0.03024123022899383
0.65,MB-5020,0.8592068240641763,0.8384136931642272,0.020793130899949053
0.65,MB-5124,0.8354469051647194,0.8229351865169856,0.012511718647733816
0.65,MB-5144,0.900901951985879,0.8829850856098499,0.017916866376029073
0.65,MB-5171,0.9146272276648718,0.8977370777566247,0.01689014990824711
0.65,MB-5485,0.8433700035888624,0.817834544118482,0.025535459470380384
0.65,MB-0378,0.8336817989375844,0.8300240023817056,0.003657796555878834
0.65,MB-3470,0.7939798692665103,0.8009557711990357,-0.006975901932525397
0.65,MB-4127,0.7700778736579789,0.7673719528987816,0.002705920759197289
0.65,MB-4952,0.8441848711356055,0.8441916190759169,-6.747940311413458e-06
0.65,MB-5312,0.7633502911191553,0.7584121573448647,0.004938133774290643
0.65,MB-0502,0.8362242533271766,0.8309482728348324,0.005275980492344234
0.65,MB-2753,0.8468180058258151,0.8557401086878573,-0.008922102862042203
0.65,MB-4769,0.8296818597102916,0.8366344184453458,-0.006952558735054182
0.65,MB-5135,0.8526925353972038,0.8619497152120528,-0.00925717981484897
0.65,MB-5258,0.8464756605255286,0.8454364717518004,0.0010391887737282168
0.7,MB-2994,0.8769041325725974,0.855095582563693,0.02180855000890436
0.7,MB-3028,0.8731728698528837,0.854879001579167,0.018293868273716707
0.7,MB-3104,0.9003845907484779,0.8893515104313832,0.011033080317094712
0.7,MB-4276,0.8491260534621154,0.8327553369056546,0.01637071655646083
0.7,MB-5331,0.8791655352294646,0.8633527438189206,0.015812791410544036
0.7,MB-0469,0.8321207383918433,0.8089611225949304,0.023159615796912947
0.7,MB-3614,0.8376995506505199,0.8160026272954649,0.02169692335505502
0.7,MB-3711,0.9124826202372762,0.8917105718502513,0.020772048387024955
0.7,MB-4686,0.8452767023607486,0.8249605231747277,0.02031617918602091
0.7,MB-4750,0.869723587844881,0.8523432129783692,0.017380374866511783
0.7,MB-0113,0.8610558467123268,0.8552674708836379,0.005788375828688963
0.7,MB-2513,0.8688677312959275,0.8698424085001984,-0.0009746772042709129
0.7,MB-4350,0.8633227395258476,0.8579014445704028,0.005421294955444744
0.7,MB-4763,0.8580630048617254,0.8529376554620929,0.005125349399632495
0.7,MB-6100,0.8111638426841843,0.8118559786085318,-0.0006921359243474701
0.7,MB-0294,0.8896201071446976,0.8917485206679836,-0.0021284135232859658
0.7,MB-3383,0.814494688021734,0.8092934454056683,0.005201242616065693
0.7,MB-4931,0.8601749245398345,0.8581266552480785,0.002048269291755944
0.7,MB-5008,0.7847167179200618,0.7789413896122369,0.005775328307824901
0.7,MB-5058,0.8293346368452063,0.8195433763886073,0.00979126045659895
0.7,MB-0120,0.8482428311559272,0.8215839900950186,0.026658841060908656
0.7,MB-2786,0.8469047669802683,0.8167710974081427,0.0301336695721256
0.7,MB-5062,0.8485157725671107,0.8226882713689949,0.025827501198115832
0.7,MB-5332,0.8651937109766316,0.8452136287049283,0.019980082271703226
0.7,MB-5558,0.8304407610163016,0.795136081231555,0.035304679784746607
0.7,MB-5020,0.8625328235159638,0.8384136931642272,0.02411913035173663
0.7,MB-5124,0.8392344906874389,0.8229351865169856,0.016299304170453333
0.7,MB-5144,0.9026716658154277,0.8829850856098499,0.019686580205577786
0.7,MB-5171,0.9162571807500802,0.8977370777566247,0.018520102993455523
0.7,MB-5485,0.846973218045642,0.817834544118482,0.029138673927159964
0.7,MB-0378,0.8362692659253946,0.8300240023817056,0.006245263543689039
0.7,MB-3470,0.7957763135740059,0.8009557711990357,-0.005179457625029804
0.7,MB-4127,0.7741853989268823,0.7673719528987816,0.006813446028100745
0.7,MB-4952,0.8464827185336958,0.8441916190759169,0.0022910994577789445
0.7,MB-5312,0.7676812951710469,0.7584121573448647,0.009269137826182217
0.7,MB-0502,0.8387685421581506,0.8309482728348324,0.00782026932331814
0.7,MB-2753,0.8481506138898518,0.8557401086878573,-0.007589494798005525
0.7,MB-4769,0.831114390333234,0.8366344184453458,-0.00552002811211183
0.7,MB-5135,0.8539549557941919,0.8619497152120528,-0.007994759417860875
0.7,MB-5258,0.8486565906240973,0.8454364717518004,0.0032201188722968954
0.75,MB-2994,0.8799669185352995,0.855095582563693,0.024871335971606512
0.75,MB-3028,0.876140388679459,0.854879001579167,0.021261387100292017
0.75,MB-3104,0.902750140681306,0.8893515104313832,0.013398630249922827
0.75,MB-4276,0.8519740351949046,0.8327553369056546,0.019218698289249936
0.75,MB-5331,0.8819649167479463,0.8633527438189206,0.018612172929025728
0.75,MB-0469,0.8352512232063599,0.8089611225949304,0.026290100611429557
0.75,MB-3614,0.84072420094241,0.8160026272954649,0.02472157364694505
0.75,MB-3711,0.9141739884890578,0.8917105718502513,0.022463416638806577
0.75,MB-4686,0.8481938647148215,0.8249605231747277,0.02323334154009382
0.75,MB-4750,0.8726112688843576,0.8523432129783692,0.020268055905988347
0.75,MB-0113,0.8634481243716002,0.8552674708836379,0.008180653487962375
0.75,MB-2513,0.8708199708781816,0.8698424085001984,0.0009775623779831877
0.75,MB-4350,0.8656832821225028,0.8579014445704028,0.007781837552099935
0.75,MB-4763,0.8604275529679128,0.8529376554620929,0.007489897505819965
0.75,MB-6100,0.8144011494702258,0.8118559786085318,0.002545170861694035
0.75,MB-0294,0.8913207779530624,0.8917485206679836,-0.00042774271492118654
0.75,MB-3383,0.8179533760823199,0.8092934454056683,0.008659930676651606
0.75,MB-4931,0.8622456820090404,0.8581266552480785,0.004119026760961875
0.75,MB-5008,0.788376711560208,0.7789413896122369,0.009435321947971143
0.75,MB-5058,0.8319802819173306,0.8195433763886073,0.012436905528723341
0.75,MB-0120,0.8518358330137611,0.8215839900950186,0.0302518429187425
0.75,MB-2786,0.850647739833998,0.8167710974081427,0.03387664242585531
0.75,MB-5062,0.8520738040081185,0.8226882713689949,0.02938553263912358
0.75,MB-5332,0.8683231776486339,0.8452136287049283,0.023109548943705538
0.75,MB-5558,0.8352785733480229,0.795136081231555,0.04014249211646792
0.75,MB-5020,0.8657499819996245,0.8384136931642272,0.027336288835397293
0.75,MB-5124,0.8428882530037481,0.8229351865169856,0.01995306648676254
0.75,MB-5144,0.9043999594292695,0.8829850856098499,0.021414873819419644
0.75,MB-5171,0.9178400801905533,0.8977370777566247,0.020103002433928596
0.75,MB-5485,0.8504744200590677,0.817834544118482,0.032639875940585705
0.75,MB-0378,0.8388030160196351,0.8300240023817056,0.008779013637929545
0.75,MB-3470,0.7975559586893595,0.8009557711990357,-0.0033998125096762477
0.75,MB-4127,0.7781912500274462,0.7673719528987816,0.010819297128664584
0.75,MB-4952,0.8487362582680256,0.8441916190759169,0.004544639192108679
0.75,MB-5312,0.7719044119861551,0.7584121573448647,0.013492254641290446
0.75,MB-0502,0.84125974737654,0.8309482728348324,0.010311474541707555
0.75,MB-2753,0.8494692768762058,0.8557401086878573,-0.006270831811651556
0.75,MB-4769,0.8325330335717633,0.8366344184453458,-0.00410138487358247
0.75,MB-5135,0.8552041113375732,0.8619497152120528,-0.006745603874479533
0.75,MB-5258,0.8507986577012637,0.8454364717518004,0.005362185949463361
0.8,MB-2994,0.882908863897297,0.855095582563693,0.027813281333603945
0.8,MB-3028,0.8790042375900226,0.854879001579167,0.02412523601085559
0.8,MB-3104,0.9050125561259401,0.8893515104313832,0.015661045694556952
0.8,MB-4276,0.8547515790194642,0.8327553369056546,0.021996242113809572
0.8,MB-5331,0.8846642323650026,0.8633527438189206,0.021311488546082002
0.8,MB-0469,0.8383098162773374,0.8089611225949304,0.029348693682407
0.8,MB-3614,0.8436781699579218,0.8160026272954649,0.027675542662456865
0.8,MB-3711,0.9158161754530962,0.8917105718502513,0.02410560360284497
0.8,MB-4686,0.8510399424188547,0.8249605231747277,0.026079419244127044
0.8,MB-4750,0.875410802104955,0.8523432129783692,0.023067589126585797
0.8,MB-0113,0.865777500432513,0.8552674708836379,0.010510029548875144
0.8,MB-2513,0.8727294864868077,0.8698424085001984,0.0028870779866092544
0.8,MB-4350,0.8679810728556285,0.8579014445704028,0.010079628285225684
0.8,MB-4763,0.8627330196513777,0.8529376554620929,0.009795364189284839
0.8,MB-6100,0.8175541127453541,0.8118559786085318,0.005698134136822297
0.8,MB-0294,0.8929775387230809,0.8917485206679836,0.0012290180550973417
0.8,MB-3383,0.8213148273496531,0.8092934454056683,0.012021381943984832
0.8,MB-4931,0.8642733777818731,0.8581266552480785,0.0061467225337945575
0.8,MB-5008,0.7919478001233035,0.7789413896122369,0.013006410511066546
0.8,MB-5058,0.8345720615045333,0.8195433763886073,0.015028685115926033
0.8,MB-0120,0.8553172834217782,0.8215839900950186,0.03373329332675956
0.8,MB-2786,0.8542673392978504,0.8167710974081427,0.03749624188970768
0.8,MB-5062,0.8555231509815923,0.8226882713689949,0.032834879612597345
0.8,MB-5332,0.8713502694574141,0.8452136287049283,0.026136640752485785
0.8,MB-5558,0.8399001088675113,0.795136081231555,0.04476402763595633
0.8,MB-5020,0.8688618569677081,0.8384136931642272,0.03044816380348092
0.8,MB-5124,0.8464131183336776,0.8229351865169856,0.023477931816692
0.8,MB-5144,0.9060879113825375,0.8829850856098499,0.02310282577268763
0.8,MB-5171,0.9193775747708753,0.8977370777566247,0.021640497014250637
0.8,MB-5485,0.8538759503546719,0.817834544118482,0.0360414062361899
0.8,MB-0378,0.8412842813149152,0.8300240023817056,0.011260278933209578
0.8,MB-3470,0.799318913252388,0.8009557711990357,-0.0016368579466476962
0.8,MB-4127,0.7820977574344242,0.7673719528987816,0.01472580453564265
0.8,MB-4952,0.850946397428851,0.8441916190759169,0.006754778352934143
0.8,MB-5312,0.7760219881315811,0.7584121573448647,0.017609830786716407
0.8,MB-0502,0.8436990965821503,0.8309482728348324,0.012750823747317841
0.8,MB-2753,0.85077411336893,0.8557401086878573,-0.004965995318927274
0.8,MB-4769,0.8339378958490318,0.8366344184453458,-0.0026965225963140327
0.8,MB-5135,0.8564401184234501,0.8619497152120528,-0.005509596788602633
0.8,MB-5258,0.8529025332363849,0.8454364717518004,0.0074660614845845075
0.85,MB-2994,0.8857351462316283,0.855095582563693,0.0306395636679353
0.85,MB-3028,0.8817682182083284,0.854879001579167,0.02688921662916144
0.85,MB-3104,0.9071767894822869,0.8893515104313832,0.017825279050903697
0.85,MB-4276,0.8574602503334386,0.8327553369056546,0.024704913427784025
0.85,MB-5331,0.8872672888530796,0.8633527438189206,0.023914545034159018
0.85,MB-0469,0.841297921233185,0.8089611225949304,0.03233679863825467
0.85,MB-3614,0.8465628882974697,0.8160026272954649,0.030560261002004818
0.85,MB-3711,0.9174109153087996,0.8917105718502513,0.025700343458548325
0.85,MB-4686,0.8538164776243721,0.8249605231747277,0.028855954449644394
0.85,MB-4750,0.8781246640944069,0.8523432129783692,0.02578145111603769
0.85,MB-0113,0.868045818071513,0.8552674708836379,0.012778347187875183
0.85,MB-2513,0.8745973479824565,0.8698424085001984,0.004754939482258025
0.85,MB-4350,0.8702179680468232,0.8579014445704028,0.012316523476420316
0.85,MB-4763,0.8649810761224193,0.8529376554620929,0.012043420660326376
0.85,MB-6100,0.8206249949258648,0.8118559786085318,0.008769016317333067
0.85,MB-0294,0.894591712137075,0.8917485206679836,0.0028431914690913995
0.85,MB-3383,0.8245815865544979,0.8092934454056683,0.015288141148829593
0.85,MB-4931,0.8662590133750605,0.8581266552480785,0.008132358126981987
0.85,MB-5008,0.7954321678506582,0.7789413896122369,0.016490778238421266
0.85,MB-5058,0.8371111751731952,0.8195433763886073,0.017567798784587918
0.85,MB-0120,0.8586904544608367,0.8215839900950186,0.037106464365818104
0.85,MB-2786,0.8577676370905878,0.8167710974081427,0.0409965396824451
0.85,MB-5062,0.8588668849928341,0.8226882713689949,0.03617861362383923
0.85,MB-5332,0.8742783335465368,0.8452136287049283,0.029064704841608502
0.85,MB-5558,0.8443145506277647,0.795136081231555,0.049178469396209734
0.85,MB-5020,0.8718718918367515,0.8384136931642272,0.03345819867252431
0.85,MB-5124,0.8498138340090694,0.8229351865169856,0.026878647492083796
0.85,MB-5144,0.907736566263287,0.8829850856098499,0.02475148065343713
0.85,MB-5171,0.9208712461103675,0.8977370777566247,0.023134168353742823
0.85,MB-5485,0.8571801316176271,0.817834544118482,0.039345587499145074
0.85,MB-0378,0.8437142638020766,0.8300240023817056,0.013690261420370997
0.85,MB-3470,0.801065286436415,0.8009557711990357,0.00010951523737923186
0.85,MB-4127,0.785907246112088,0.7673719528987816,0.01853529321330638
0.85,MB-4952,0.8531140225966126,0.8441916190759169,0.008922403520695732
0.85,MB-5312,0.7800363822821657,0.7584121573448647,0.021624224937300984
0.85,MB-0502,0.8460877869837518,0.8309482728348324,0.015139514148919342
0.85,MB-2753,0.8520652416800831,0.8557401086878573,-0.0036748670077741963
0.85,MB-4769,0.8353290834581463,0.8366344184453458,-0.0013053349871995357
0.85,MB-5135,0.8576630930429436,0.8619497152120528,-0.004286622169109133
0.85,MB-5258,0.8549688772883495,0.8454364717518004,0.009532405536549104
0.9,MB-2994,0.8884507176703128,0.855095582563693,0.033355135106619804
0.9,MB-3028,0.8844359863561572,0.854879001579167,0.029556984776990203
0.9,MB-3104,0.9092475512655173,0.8893515104313832,0.0198960408341341
0.9,MB-4276,0.8601015922636149,0.8327553369056546,0.027346255357960314
0.9,MB-5331,0.889777739485176,0.8633527438189206,0.026424995666255446
0.9,MB-0469,0.8442169287821312,0.8089611225949304,0.03525580618720081
0.9,MB-3614,0.8493797709771143,0.8160026272954649,0.033377143681649346
0.9,MB-3711,0.9189598717099854,0.8917105718502513,0.027249299859734122
0.9,MB-4686,0.8565249919368481,0.8249605231747277,0.03156446876212038
0.9,MB-4750,0.880755274945909,0.8523432129783692,0.02841206196753976
0.9,MB-0113,0.8702548710798577,0.8552674708836379,0.014987400196219802
0.9,MB-2513,0.8764245949182184,0.8698424085001984,0.006582186418019997
0.9,MB-4350,0.8723957740276042,0.8579014445704028,0.014494329457201305
0.9,MB-4763,0.867173347660963,0.8529376554620929,0.014235692198870109
0.9,MB-6100,0.8236160200591459,0.8118559786085318,0.011760041450614156
0.9,MB-0294,0.896164578680644,0.8917485206679836,0.004416058012660429
0.9,MB-3383,0.8277561803294076,0.8092934454056683,0.018462734923739288
0.9,MB-4931,0.8682035638652212,0.8581266552480785,0.010076908617142721
0.9,MB-5008,0.7988319703785105,0.7789413896122369,0.01989058076627359
0.9,MB-5058,0.8395987941155577,0.8195433763886073,0.02005541772695041
0.9,MB-0120,0.8619585346012699,0.8215839900950186,0.04037454450625133
0.9,MB-2786,0.8611525753263859,0.8167710974081427,0.044381477918243206
0.9,MB-5062,0.8621080062239793,0.8226882713689949,0.0394197348549844
0.9,MB-5332,0.8771106089003408,0.8452136287049283,0.03189698019541243
0.9,MB-5558,0.8485308717052825,0.795136081231555,0.05339479047372753
0.9,MB-5020,0.8747834190386128,0.8384136931642272,0.03636972587438558
0.9,MB-5124,0.8530949727350015,0.8229351865169856,0.03015978621801585
0.9,MB-5144,0.9093469359807282,0.8829850856098499,0.026361850370878348
0.9,MB-5171,0.9223226113795895,0.8977370777566247,0.024585533622964784
0.9,MB-5485,0.8603892659358018,0.817834544118482,0.042554721817319785
0.9,MB-0378,0.8460941358759716,0.8300240023817056,0.016070133494266003
0.9,MB-3470,0.8027951879080704,0.8009557711990357,0.001839416709034647
0.9,MB-4127,0.7896220297882459,0.7673719528987816,0.022250076889464343
0.9,MB-4952,0.8552400002961196,0.8441916190759169,0.011048381220202685
0.9,MB-5312,0.7839499576497492,0.7584121573448647,0.025537800304884506
0.9,MB-0502,0.8484269859350599,0.8309482728348324,0.017478713100227528
0.9,MB-2753,0.8533427798277397,0.8557401086878573,-0.0023973288601176757
0.9,MB-4769,0.8367067025423126,0.8366344184453458,7.228409696680149e-05
0.9,MB-5135,0.8588731507651036,0.8619497152120528,-0.003076564446949148
0.9,MB-5258,0.8569983386893454,0.8454364717518004,0.011561866937545018
0.95,MB-2994,0.8910603123000292,0.855095582563693,0.03596472973633624
0.95,MB-3028,0.8870110572323849,0.854879001579167,0.03213205565321797
0.95,MB-3104,0.911229319536785,0.8893515104313832,0.021877809105401824
0.95,MB-4276,0.862677125055286,0.8327553369056546,0.029921788149631423
0.95,MB-5331,0.8921990898742214,0.8633527438189206,0.028846346055300787
0.95,MB-0469,0.8470682158614552,0.8089611225949304,0.03810709326652484
0.95,MB-3614,0.8521302166909973,0.8160026272954649,0.0361275893955324
0.95,MB-3711,0.9204646405794739,0.8917105718502513,0.028754068729222593
0.95,MB-4686,0.859166985751533,0.8249605231747277,0.034206462576805374
0.95,MB-4750,0.8833049986957443,0.8523432129783692,0.030961785717375068
0.95,MB-0113,0.8724064041121576,0.8552674708836379,0.01713893322851978
0.95,MB-2513,0.8782122373400314,0.8698424085001984,0.008369828839832949
0.95,MB-4350,0.8745162473851134,0.8579014445704028,0.016614802814710505
0.95,MB-4763,0.8693114141401921,0.8529376554620929,0.016373758678099204
0.95,MB-6100,0.826529371580107,0.8118559786085318,0.014673392971575216
0.95,MB-0294,0.8976973777058721,0.8917485206679836,0.0059488570378885
0.95,MB-3383,0.8308411116363574,0.8092934454056683,0.021547666230689155
0.95,MB-4931,0.8701079785617312,0.8581266552480785,0.011981323313652648
0.95,MB-5008,0.8021493319246897,0.7789413896122369,0.023207942312452823
0.95,MB-5058,0.8420360616084959,0.8195433763886073,0.022492685219888564
0.95,MB-0120,0.8651246298242926,0.8215839900950186,0.04354063972927402
0.95,MB-2786,0.8644259694227431,0.8167710974081427,0.04765487201460039
0.95,MB-5062,0.8652494440646178,0.8226882713689949,0.04256117269562287
0.95,MB-5332,0.8798502294233943,0.8452136287049283,0.03463660071846597
0.95,MB-5558,0.8525578090555979,0.795136081231555,0.05742172782404287
0.95,MB-5020,0.8775996631037403,0.8384136931642272,0.039185969939513066
0.95,MB-5124,0.8562609371811954,0.8229351865169856,0.03332575066420984
0.95,MB-5144,0.9109200010042947,0.8829850856098499,0.027934915394444815
0.95,MB-5171,0.9237331259452741,0.8977370777566247,0.025996048188649423
0.95,MB-5485,0.8635056324706177,0.817834544118482,0.045671088352135736
0.95,MB-0378,0.8484250408702285,0.8300240023817056,0.018401038488522925
0.95,MB-3470,0.804508727788064,0.8009557711990357,0.003552956589028322
0.95,MB-4127,0.7932444058251107,0.7673719528987816,0.025872452926329115
0.95,MB-4952,0.857325177450168,0.8441916190759169,0.01313355837425112
0.95,MB-5312,0.7877650751191204,0.7584121573448647,0.02935291777425575
0.95,MB-0502,0.8507178314956559,0.8309482728348324,0.019769558660823527
0.95,MB-2753,0.8546068455147325,0.8557401086878573,-0.0011332631731247877
0.95,MB-4769,0.8380708590755707,0.8366344184453458,0.0014364406302248556
0.95,MB-5135,0.8600704067204565,0.8619497152120528,-0.0018793084915962321
0.95,MB-5258,0.8589915552369882,0.8454364717518004,0.013555083485187858
1.0,MB-2994,0.8935684538019583,0.855095582563693,0.03847287123826526
1.0,MB-3028,0.8894968105436155,0.854879001579167,0.03461780896444855
1.0,MB-3104,0.9131263494360192,0.8893515104313832,0.02377483900463606
1.0,MB-4276,0.8651883455484147,0.8327553369056546,0.03243300864276011
1.0,MB-5331,0.8945347037273974,0.8633527438189206,0.03118195990847683
1.0,MB-0469,0.8498531448659431,0.8089611225949304,0.04089202227101274
1.0,MB-3614,0.8548156071509965,0.8160026272954649,0.03881297985553156
1.0,MB-3711,0.9219267528385172,0.8917105718502513,0.03021618098826595
1.0,MB-4686,0.8617439376754162,0.8249605231747277,0.03678341450068856
1.0,MB-4750,0.885776143826146,0.8523432129783692,0.033432930847776765
1.0,MB-0113,0.874502113068474,0.8552674708836379,0.01923464218483617
1.0,MB-2513,0.8799612565837182,0.8698424085001984,0.010118848083519705
1.0,MB-4350,0.8765810953444427,0.8579014445704028,0.01867965077403988
1.0,MB-4763,0.8713968106375649,0.8529376554620929,0.01845915517547203
1.0,MB-6100,0.8293671904340261,0.8118559786085318,0.01751121182549431
1.0,MB-0294,0.8991913085080502,0.8917485206679836,0.007442787840066578
1.0,MB-3383,0.8338388548327997,0.8092934454056683,0.02454540942713146
1.0,MB-4931,0.8719731816761125,0.8581266552480785,0.013846526428033967
1.0,MB-5008,0.8053863428624164,0.7789413896122369,0.02644495325017948
1.0,MB-5058,0.844424093498377,0.8195433763886073,0.02488071710976969
1.0,MB-0120,0.8681917648453555,0.8215839900950186,0.04660777475033695
1.0,MB-2786,0.8675915111620409,0.8167710974081427,0.05082041375389823
1.0,MB-5062,0.8682940577520771,0.8226882713689949,0.045605786383082214
1.0,MB-5332,0.882500227015085,0.8452136287049283,0.03728659831015668
1.0,MB-5558,0.8564038431028902,0.795136081231555,0.0612677618713352
1.0,MB-5020,0.8803237437546736,0.8384136931642272,0.04191005059044639
1.0,MB-5124,0.8593159648183296,0.8229351865169856,0.03638077830134401
1.0,MB-5144,0.9124567115545492,0.8829850856098499,0.02947162594469932
1.0,MB-5171,0.9251041859397725,0.8977370777566247,0.027367108183147804
1.0,MB-5485,0.8665314853440361,0.817834544118482,0.048696941225554125
1.0,MB-0378,0.8507080936141849,0.8300240023817056,0.020684091232479274
1.0,MB-3470,0.8062060166129114,0.8009557711990357,0.005250245413875643
1.0,MB-4127,0.7967766506498295,0.7673719528987816,0.029404697751047926
1.0,MB-4952,0.8593703818312357,0.8441916190759169,0.01517876275531882
1.0,MB-5312,0.7914840870531297,0.7584121573448647,0.033071929708265
1.0,MB-0502,0.8529614330121466,0.8309482728348324,0.02201316017731414
1.0,MB-2753,0.8558575561081134,0.8557401086878573,0.00011744742025610044
1.0,MB-4769,0.8394216588441155,0.8366344184453458,0.0027872403987696526
1.0,MB-5135,0.8612549755851724,0.8619497152120528,-0.0006947396268803807
1.0,MB-5258,0.8609491538845199,0.8454364717518004,0.015512682132719502
