patient_id,crossing_strength,subtype,stage,nccn_plan,n_treatments,five_year_os,five_year_rfs
MB-0113,0.6,HR-/HER2+,2,che+rad,2,0.8193499148303943,0.6745161690588155
MB-0120,0.4,HR+/HER2+,2,che+end+rad,3,0.7310968435671756,0.697796921343398
MB-0294,0.8,TNBC,2,che+rad,2,0.86228708817565,0.769730566677731
MB-0378,0.6,HR-/HER2+,2,che+rad,2,0.7522421995772017,0.6847652372643377
MB-0469,0.4,HR+/HER2-,2,che+end,2,0.7359994431348987,0.6732943700880315
MB-0502,0.55,TNBC,2,che+rad,2,0.7568981626463828,0.6897088122125042
MB-2513,0.75,HR-/HER2+,1,che+rad,2,0.8130129283899279,0.7536485726387295
MB-2753,1.0,TNBC,2,che,1,0.8421817420569515,0.6694844608740049
MB-2786,0.35,HR+/HER2+,2,che+end+rad,3,0.7343056776483246,0.6721350440822657
MB-2994,0.4,HR+/HER2+,2,che+end+rad,3,0.8156467910373042,0.6932125195563049
MB-3028,0.45,HR+/HER2+,1,che+end+rad,3,0.7942082454251067,0.7309911133302645
MB-3104,0.5,HR+/HER2+,1,che+end+rad,3,0.8739929303304855,0.7388319721857548
MB-3383,0.65,TNBC,3,che+rad,2,0.7970882746794578,0.5023654047236759
MB-3470,0.85,HR-/HER2+,2,che,1,0.734518714665172,0.6146519410325362
MB-3614,0.4,HR+/HER2-,2,che+end,2,0.7493142219084459,0.6799131121329187
MB-3711,0.2,HR+/HER2-,1,end+rad,2,0.8670033554931145,0.7966509498304186
MB-4127,0.65,HR-/HER2+,3,che+rad,2,0.7128574114303657,0.4638678693674899
MB-4276,0.45,HR+/HER2+,2,che+end,2,0.7835766582193628,0.6786585797552045
MB-4350,0.6,HR-/HER2+,2,che+rad,2,0.8243627767638123,0.6770353502705793
MB-4686,0.4,HR+/HER2-,2,che+end,2,0.7732179959747204,0.6763610236119354
MB-4750,0.45,HR+/HER2-,2,che+end+rad,3,0.775569978874248,0.7634290079777649
MB-4763,0.6,HR-/HER2+,2,che+rad,2,0.8077336650412157,0.6856602283158475
MB-4769,0.9,TNBC,2,che,1,0.7746406641881394,0.7087550749300631
MB-4931,0.7,TNBC,2,che+rad,2,0.7939495119048972,0.7430065928898217
MB-4952,0.7,HR-/HER2+,2,che+rad,2,0.7643850787696721,0.7260127279227212
MB-5008,0.65,TNBC,3,che+rad,2,0.7189828889364203,0.5135452757598783
MB-5020,0.4,HR+/HER2-,2,che+end+rad,3,0.7657063262942343,0.7213851794145398
MB-5058,0.55,TNBC,2,che+rad,2,0.7390445395185792,0.6721532293526957
MB-5062,0.4,HR+/HER2+,2,che+end+rad,3,0.7302147271847402,0.7039739280541577
MB-5124,0.5,HR+/HER2-,3,che+end+rad,3,0.7555469636068378,0.6604401379273152
MB-5135,,TNBC,2,che,1,0.8430885268069143,0.6961666728172743
MB-5144,0.25,HR+/HER2-,1,end+rad,2,0.8367561399889099,0.8113773829073392
MB-5171,0.25,HR+/HER2-,1,end+rad,2,0.8732491566226808,0.8108912664799173
MB-5258,0.65,TNBC,2,che+rad,2,0.7636580238650341,0.7452040799546628
MB-5312,0.6,HR-/HER2+,3,che+rad,2,0.7097876876052208,0.433239360554729
MB-5331,0.45,HR+/HER2+,2,che+end+rad,3,0.8090148117223682,0.741891906165649
MB-5332,0.45,HR+/HER2+,2,che+end+rad,3,0.7712889978260445,0.7293999542226162
MB-5485,0.35,HR+/HER2-,2,che+end+rad,3,0.7212876306180671,0.7276978636863132
MB-5558,0.4,HR+/HER2+,3,che+end+rad,3,0.7948475238739444,0.45171170652890524
MB-6100,0.75,HR-/HER2+,3,che+rad,2,0.7689051628831824,0.5546280809072784
