cost_multiple,channel_stakes,grade_switch_share,information_per_decision,information_pooled,treat_share,lines_used,top_line_share
1.0,0.208045608187879,0.0,-1.7347234759768072e-19,0.0,1.0,1,1.0
1.5,0.17592355914310995,0.03125,7.501394338077414e-05,2.7755575615628914e-17,1.0,2,0.9895833333333334
2.0,0.14620737524736874,0.15,0.0008323938223394785,0.0,0.9916666666666667,4,0.95
2.5,0.12075075693942147,0.29375,0.002831153880273778,-1.3877787807814457e-17,0.9583333333333334,4,0.9020833333333333
3.0,0.09687326095782435,0.49375,0.006794045162698619,0.0,0.8916666666666667,4,0.8270833333333333
3.5,0.0753060283807411,0.725,0.012397866152420046,0.008774388903906478,0.79375,4,0.7291666666666666
4.0,0.056093148765489285,0.8875,0.016788715512188683,0.02371894622163303,0.7166666666666667,3,0.6375
4.5,0.0392201552342506,0.975,0.017435938923376658,0.024327031242149518,0.6375,3,0.5520833333333334
5.0,0.02473867610025453,0.9875,0.014478595811362436,0.01370157524004499,0.5333333333333333,3,0.4666666666666667
6.0,0.0050819882081149645,0.5,0.0035048592474523034,0.0,0.225,3,0.775
8.0,0.0,0.0,0.0,0.0,0.0,1,1.0
12.0,0.0,0.0,0.0,0.0,0.0,1,1.0
