scale,cost_multiple,line,death_hazard,burden,toxicity_probability,raw_cost
0.0,1.0,none,1.0,0.0,0.0,0.0
0.0,1.0,mild,1.0,0.0,0.0,0.0
0.0,1.0,systemic,1.0,0.0,0.0,0.0
0.0,1.0,intensive,1.0,0.0,0.0,0.0
0.1,1.0,none,1.0,0.0,0.0,0.0
0.1,1.0,mild,0.9916965051523726,0.005000000000000001,0.008,0.006200000000000001
0.1,1.0,systemic,0.9649610951198176,0.020000000000000004,0.034999999999999996,0.02525
0.1,1.0,intensive,0.9330329915368074,0.04000000000000001,0.05500000000000001,0.04825000000000001
0.25,1.0,none,1.0,0.0,0.0,0.0
0.25,1.0,mild,0.9793703613355593,0.0125,0.02,0.0155
0.25,1.0,systemic,0.9146912192286945,0.05,0.0875,0.063125
0.25,1.0,intensive,0.8408964152537145,0.1,0.1375,0.12062500000000001
0.5,1.0,none,1.0,0.0,0.0,0.0
0.5,1.0,mild,0.9591663046625439,0.025,0.04,0.031
0.5,1.0,systemic,0.8366600265340756,0.1,0.175,0.12625
0.5,1.0,intensive,0.7071067811865476,0.2,0.275,0.24125000000000002
0.75,1.0,none,1.0,0.0,0.0,0.0
0.75,1.0,mild,0.9393790503782488,0.037500000000000006,0.06,0.04650000000000001
0.75,1.0,systemic,0.7652855797503654,0.15000000000000002,0.26249999999999996,0.18937500000000002
0.75,1.0,intensive,0.5946035575013605,0.30000000000000004,0.41250000000000003,0.36187500000000006
1.0,1.0,none,1.0,0.0,0.0,0.0
1.0,1.0,mild,0.92,0.05,0.08,0.062
1.0,1.0,systemic,0.7,0.2,0.35,0.2525
1.0,1.0,intensive,0.5,0.4,0.55,0.48250000000000004
