arm,scale,grade,best_line,decisions
binary,0.0,controlled,none,160
binary,0.0,indeterminate,none,160
binary,0.0,progressing,none,160
binary,0.1,controlled,systemic,160
binary,0.1,indeterminate,systemic,160
binary,0.1,progressing,systemic,160
binary,0.25,controlled,systemic,160
binary,0.25,indeterminate,systemic,160
binary,0.25,progressing,systemic,160
binary,0.5,controlled,systemic,160
binary,0.5,indeterminate,systemic,160
binary,0.5,progressing,systemic,160
binary,0.75,controlled,systemic,160
binary,0.75,indeterminate,systemic,160
binary,0.75,progressing,systemic,160
binary,1.0,controlled,systemic,160
binary,1.0,indeterminate,systemic,160
binary,1.0,progressing,systemic,160
ladder,0.0,controlled,none,160
ladder,0.0,indeterminate,none,160
ladder,0.0,progressing,none,160
ladder,0.1,controlled,intensive,160
ladder,0.1,indeterminate,intensive,160
ladder,0.1,progressing,intensive,160
ladder,0.25,controlled,intensive,160
ladder,0.25,indeterminate,intensive,160
ladder,0.25,progressing,intensive,160
ladder,0.5,controlled,intensive,160
ladder,0.5,indeterminate,intensive,160
ladder,0.5,progressing,intensive,160
ladder,0.75,controlled,intensive,160
ladder,0.75,indeterminate,intensive,160
ladder,0.75,progressing,intensive,160
ladder,1.0,controlled,intensive,160
ladder,1.0,indeterminate,intensive,160
ladder,1.0,progressing,intensive,160
