cost_multiple,grade,best_line,decisions
1.0,controlled,intensive,160
1.0,indeterminate,intensive,160
1.0,progressing,intensive,160
1.5,controlled,intensive,155
1.5,controlled,systemic,5
1.5,indeterminate,intensive,160
1.5,progressing,intensive,160
2.0,controlled,intensive,136
2.0,controlled,mild,5
2.0,controlled,none,4
2.0,controlled,systemic,15
2.0,indeterminate,intensive,160
2.0,progressing,intensive,160
2.5,controlled,intensive,113
2.5,controlled,mild,6
2.5,controlled,none,20
2.5,controlled,systemic,21
2.5,indeterminate,intensive,160
2.5,progressing,intensive,160
3.0,controlled,intensive,81
3.0,controlled,mild,9
3.0,controlled,none,50
3.0,controlled,systemic,20
3.0,indeterminate,intensive,156
3.0,indeterminate,mild,1
3.0,indeterminate,none,2
3.0,indeterminate,systemic,1
3.0,progressing,intensive,160
3.5,controlled,intensive,44
3.5,controlled,mild,2
3.5,controlled,none,91
3.5,controlled,systemic,23
3.5,indeterminate,intensive,146
3.5,indeterminate,none,8
3.5,indeterminate,systemic,6
3.5,progressing,intensive,160
4.0,controlled,intensive,18
4.0,controlled,none,118
4.0,controlled,systemic,24
4.0,indeterminate,intensive,128
4.0,indeterminate,none,18
4.0,indeterminate,systemic,14
4.0,progressing,intensive,160
4.5,controlled,intensive,4
4.5,controlled,none,139
4.5,controlled,systemic,17
4.5,indeterminate,intensive,101
4.5,indeterminate,none,35
4.5,indeterminate,systemic,24
4.5,progressing,intensive,160
5.0,controlled,none,154
5.0,controlled,systemic,6
5.0,indeterminate,intensive,66
5.0,indeterminate,none,68
5.0,indeterminate,systemic,26
5.0,progressing,intensive,156
5.0,progressing,none,2
5.0,progressing,systemic,2
6.0,controlled,none,160
6.0,indeterminate,intensive,17
6.0,indeterminate,none,122
6.0,indeterminate,systemic,21
6.0,progressing,intensive,68
6.0,progressing,none,90
6.0,progressing,systemic,2
8.0,controlled,none,160
8.0,indeterminate,none,160
8.0,progressing,none,160
12.0,controlled,none,160
12.0,indeterminate,none,160
12.0,progressing,none,160
