arm,scale,channel_stakes,max_advantage,grade_switch_share,information_per_decision,information_pooled,treat_share,lines_used
binary,0.0,0.0,0.0,0.0,0.0,0.0,0.0,1
binary,0.1,0.011732754442464582,0.01716536819573089,0.0,0.0,0.0,1.0,1
binary,0.25,0.029187033876280227,0.042898217405795025,0.0,0.0,0.0,1.0,1
binary,0.5,0.057826089048773156,0.0857100464640771,0.0,1.3010426069826053e-19,0.0,1.0,1
binary,0.75,0.08579894282282644,0.12834686323581834,0.0,3.035766082959412e-19,0.0,1.0,1
binary,1.0,0.11299440853151148,0.17043662184500152,0.0,-2.6020852139652105e-19,0.0,1.0,1
ladder,0.0,0.0,0.0,0.0,0.0,0.0,0.0,1
ladder,0.1,0.0228407833054775,0.033462854070994696,0.0,9.75781955236954e-20,-3.469446951953614e-18,1.0,1
ladder,0.25,0.05649390240354386,0.08356504099736706,0.0,8.673617379884036e-20,0.0,1.0,1
ladder,0.5,0.11050251017307922,0.1662516620067659,0.0,-1.3877787807814458e-18,0.0,1.0,1
ladder,0.75,0.16123759311425606,0.2483652367815905,0.0,-8.673617379884036e-20,-2.7755575615628914e-17,1.0,1
ladder,1.0,0.208045608187879,0.3282574039914252,0.0,-1.7347234759768072e-19,0.0,1.0,1
